Pattern #,Name,Type,Standard Pattern,Run Queue Order,Grid Spacing(μm),Raster Spacing(μm),Depth Per Pass(μm),Dwell Time(sec),Intersite Pause(sec),Fluence Enabled,Energy(%),Fluence(J/cm²),Pass Enabled,Pass Count,Scan Speed(μm/sec),Rep Rate(Hz),Spot Size(μm),Burst Mode,Burst Count,Use IVA,Use XYR,XYR-X(μm),XYR-Y(μm),Overlap,XYR-Auto,Has Data,X(um),Y(um),Z(um)
1,S-FWS-24-01.1,Spot,FALSE,0,45,45,0,0,5,FALSE,40,0,TRUE,1,70,8,25,TRUE,240,TRUE,FALSE,25,25,0,FALSE,FALSE,24030.969,63473.201,1763.13
2,S-FWS-24-01.2,Spot,FALSE,1,45,45,0,0,5,FALSE,40,0,TRUE,1,70,8,25,TRUE,240,TRUE,FALSE,25,25,0,FALSE,FALSE,24431.676,63439.221,1763.13
3,S-FWS-24-01.3,Spot,FALSE,2,45,45,0,0,5,FALSE,40,0,TRUE,1,70,8,25,TRUE,240,TRUE,FALSE,25,25,0,FALSE,FALSE,24806.559,63597.806,1763.13
4,S-FWS-24-01.4,Spot,FALSE,3,45,45,0,0,5,FALSE,40,0,TRUE,1,70,8,25,TRUE,240,TRUE,FALSE,25,25,0,FALSE,FALSE,25124.883,63612.51,1787.5
5,S-FWS-24-01.5,Spot,FALSE,4,45,45,0,0,5,FALSE,40,0,TRUE,1,70,8,25,TRUE,240,TRUE,FALSE,25,25,0,FALSE,FALSE,25428.305,63540.619,1787.5
6,S-FWS-24-01.6,Spot,FALSE,5,45,45,0,0,5,FALSE,40,0,TRUE,1,70,8,25,TRUE,240,TRUE,FALSE,25,25,0,FALSE,FALSE,25803.93,63635.257,1787.5
7,S-FWS-24-01.7,Spot,FALSE,6,45,45,0,0,5,FALSE,40,0,TRUE,1,70,8,25,TRUE,240,TRUE,FALSE,25,25,0,FALSE,FALSE,26089.324,63599.928,1783.13
8,S-FWS-24-01.8,Spot,FALSE,7,45,45,0,0,5,FALSE,40,0,TRUE,1,70,8,25,TRUE,240,TRUE,FALSE,25,25,0,FALSE,FALSE,26367.68,63578.596,1783.13
9,S-FWS-24-01.9,Spot,FALSE,8,45,45,0,0,5,FALSE,40,0,TRUE,1,70,8,25,TRUE,240,TRUE,FALSE,25,25,0,FALSE,FALSE,26625.031,63601.014,1783.13
10,S-FWS-24-01.10,Spot,FALSE,9,45,45,0,0,5,FALSE,40,0,TRUE,1,70,8,25,TRUE,240,TRUE,FALSE,25,25,0,FALSE,FALSE,26977.391,63631.112,1783.13
11,S-FWS-24-01.11,Spot,FALSE,10,45,45,0,0,5,FALSE,40,0,TRUE,1,70,8,25,TRUE,240,TRUE,FALSE,25,25,0,FALSE,FALSE,27344.324,63602.346,1739.06
12,S-FWS-24-01.12,Spot,FALSE,11,45,45,0,0,5,FALSE,40,0,TRUE,1,70,8,25,TRUE,240,TRUE,FALSE,25,25,0,FALSE,FALSE,27648.074,63572.412,1739.06
13,S-FWS-24-01.13,Spot,FALSE,12,45,45,0,0,5,FALSE,40,0,TRUE,1,70,8,25,TRUE,240,TRUE,FALSE,25,25,0,FALSE,FALSE,27974.669,63504.482,1739.06
14,S-FWS-24-01.14,Spot,FALSE,13,45,45,0,0,5,FALSE,40,0,TRUE,1,70,8,25,TRUE,240,TRUE,FALSE,25,25,0,FALSE,FALSE,28363.469,63541.408,1739.06
15,S-FWS-24-01.15,Spot,FALSE,14,45,45,0,0,5,FALSE,40,0,TRUE,1,70,8,25,TRUE,240,TRUE,FALSE,25,25,0,FALSE,FALSE,28731.906,63516.885,1739.06
16,S-FWS-24-01.16,Spot,FALSE,15,45,45,0,0,5,FALSE,40,0,TRUE,1,70,8,25,TRUE,240,TRUE,FALSE,25,25,0,FALSE,FALSE,29092.762,63576.408,1739.06
17,S-FWS-24-01.17,Spot,FALSE,16,45,45,0,0,5,FALSE,40,0,TRUE,1,70,8,25,TRUE,240,TRUE,FALSE,25,25,0,FALSE,FALSE,29569.581,63543.731,1739.06
18,S-FWS-24-01.18,Spot,FALSE,17,45,45,0,0,5,FALSE,40,0,TRUE,1,70,8,25,TRUE,240,TRUE,FALSE,25,25,0,FALSE,FALSE,29489.242,63964.056,1739.06
19,S-FWS-24-01.19,Spot,FALSE,18,45,45,0,0,5,FALSE,40,0,TRUE,1,70,8,25,TRUE,240,TRUE,FALSE,25,25,0,FALSE,FALSE,29093.156,63976.408,1766.56
20,S-FWS-24-01.20,Spot,FALSE,19,45,45,0,0,5,FALSE,40,0,TRUE,1,70,8,25,TRUE,240,TRUE,FALSE,25,25,0,FALSE,FALSE,28700.344,64061.688,1766.56
21,S-FWS-24-01.21,Spot,FALSE,20,45,45,0,0,5,FALSE,40,0,TRUE,1,70,8,25,TRUE,240,TRUE,FALSE,25,25,0,FALSE,FALSE,28345.116,63958.959,1766.56
22,S-FWS-24-01.22,Spot,FALSE,21,45,45,0,0,5,FALSE,40,0,TRUE,1,70,8,25,TRUE,240,TRUE,FALSE,25,25,0,FALSE,FALSE,27997.072,63918.333,1766.56
23,S-FWS-24-01.23,Spot,FALSE,22,45,45,0,0,5,FALSE,40,0,TRUE,1,70,8,25,TRUE,240,TRUE,FALSE,25,25,0,FALSE,FALSE,27641.446,63846.079,1766.56
24,S-FWS-24-01.24,Spot,FALSE,23,45,45,0,0,5,FALSE,40,0,TRUE,1,70,8,25,TRUE,240,TRUE,FALSE,25,25,0,FALSE,FALSE,27306.449,63857.495,1766.56
25,S-FWS-24-01.25,Spot,FALSE,24,45,45,0,0,5,FALSE,40,0,TRUE,1,70,8,25,TRUE,240,TRUE,FALSE,25,25,0,FALSE,FALSE,26945.656,64012.033,1766.56
26,S-FWS-24-01.26,Spot,FALSE,25,45,45,0,0,5,FALSE,40,0,TRUE,1,70,8,25,TRUE,240,TRUE,FALSE,25,25,0,FALSE,FALSE,26689.242,64045.076,1766.56
27,S-FWS-24-01.27,Spot,FALSE,26,45,45,0,0,5,FALSE,40,0,TRUE,1,70,8,25,TRUE,240,TRUE,FALSE,25,25,0,FALSE,FALSE,26351.824,64032.132,1766.56
28,S-FWS-24-01.28,Spot,FALSE,27,45,45,0,0,5,FALSE,40,0,TRUE,1,70,8,25,TRUE,240,TRUE,FALSE,25,25,0,FALSE,FALSE,25928.239,64004.928,1795.94
29,S-FWS-24-01.29,Spot,FALSE,28,45,45,0,0,5,FALSE,40,0,TRUE,1,70,8,25,TRUE,240,TRUE,FALSE,25,25,0,FALSE,FALSE,25527.038,63961.49,1779.69
30,S-FWS-24-01.30,Spot,FALSE,29,45,45,0,0,5,FALSE,40,0,TRUE,1,70,8,25,TRUE,240,TRUE,FALSE,25,25,0,FALSE,FALSE,25075.953,63871.556,1779.69
31,S-FWS-24-01.31,Spot,FALSE,30,45,45,0,0,5,FALSE,40,0,TRUE,1,70,8,25,TRUE,240,TRUE,FALSE,25,25,0,FALSE,FALSE,24818.864,63935.503,1779.69
32,S-FWS-24-01.32,Spot,FALSE,31,45,45,0,0,5,FALSE,40,0,TRUE,1,70,8,25,TRUE,240,TRUE,FALSE,25,25,0,FALSE,FALSE,24398.617,63931.014,1756.56
33,S-FWS-24-01.33,Spot,FALSE,32,45,45,0,0,5,FALSE,40,0,TRUE,1,70,8,25,TRUE,240,TRUE,FALSE,25,25,0,FALSE,FALSE,24040.443,63878.448,1756.56
34,S-FWS-24-01.34,Spot,FALSE,33,45,45,0,0,5,FALSE,40,0,TRUE,1,70,8,25,TRUE,240,TRUE,FALSE,25,25,0,FALSE,FALSE,24068.156,64244.714,1750
35,S-FWS-24-01.35,Spot,FALSE,34,45,45,0,0,5,FALSE,40,0,TRUE,1,70,8,25,TRUE,240,TRUE,FALSE,25,25,0,FALSE,FALSE,24388.287,64245.06,1750
36,S-FWS-24-01.36,Spot,FALSE,35,45,45,0,0,5,FALSE,40,0,TRUE,1,70,8,25,TRUE,240,TRUE,FALSE,25,25,0,FALSE,FALSE,24807.56,64362.343,1750
37,S-FWS-24-01.37,Spot,FALSE,36,45,45,0,0,5,FALSE,40,0,TRUE,1,70,8,25,TRUE,240,TRUE,FALSE,25,25,0,FALSE,FALSE,25134.012,64301.244,1750
38,S-FWS-24-01.38,Spot,FALSE,37,45,45,0,0,5,FALSE,40,0,TRUE,1,70,8,25,TRUE,240,TRUE,FALSE,25,25,0,FALSE,FALSE,25571.674,64320.488,1750
39,S-FWS-24-01.39,Spot,FALSE,38,45,45,0,0,5,FALSE,40,0,TRUE,1,70,8,25,TRUE,240,TRUE,FALSE,25,25,0,FALSE,FALSE,25926.668,64356.802,1822.81
40,S-FWS-24-01.40,Spot,FALSE,39,45,45,0,0,5,FALSE,40,0,TRUE,1,70,8,25,TRUE,240,TRUE,FALSE,25,25,0,FALSE,FALSE,26246.512,64336.967,1822.81
41,S-FWS-24-01.41,Spot,FALSE,40,45,45,0,0,5,FALSE,40,0,TRUE,1,70,8,25,TRUE,240,TRUE,FALSE,25,25,0,FALSE,FALSE,26591.873,64366.556,1822.81
42,S-FWS-24-01.42,Spot,FALSE,41,45,45,0,0,5,FALSE,40,0,TRUE,1,70,8,25,TRUE,240,TRUE,FALSE,25,25,0,FALSE,FALSE,26928.617,64277.115,1822.81
43,S-FWS-24-01.43,Spot,FALSE,42,45,45,0,0,5,FALSE,40,0,TRUE,1,70,8,25,TRUE,240,TRUE,FALSE,25,25,0,FALSE,FALSE,27345.015,64221.408,1780
44,S-FWS-24-01.44,Spot,FALSE,43,45,45,0,0,5,FALSE,40,0,TRUE,1,70,8,25,TRUE,240,TRUE,FALSE,25,25,0,FALSE,FALSE,27560.393,64246.556,1780
45,S-FWS-24-01.45,Spot,FALSE,44,45,45,0,0,5,FALSE,40,0,TRUE,1,70,8,25,TRUE,240,TRUE,FALSE,25,25,0,FALSE,FALSE,27920.755,64199.665,1780
46,S-FWS-24-01.46,Spot,FALSE,45,45,45,0,0,5,FALSE,40,0,TRUE,1,70,8,25,TRUE,240,TRUE,FALSE,25,25,0,FALSE,FALSE,28246.166,64265.076,1780
47,S-FWS-24-01.47,Spot,FALSE,46,45,45,0,0,5,FALSE,40,0,TRUE,1,70,8,25,TRUE,240,TRUE,FALSE,25,25,0,FALSE,FALSE,28625.59,64393.842,1780
48,S-FWS-24-01.48,Spot,FALSE,47,45,45,0,0,5,FALSE,40,0,TRUE,1,70,8,25,TRUE,240,TRUE,FALSE,25,25,0,FALSE,FALSE,28993.287,64307.494,1780
49,S-FWS-24-01.49,Spot,FALSE,48,45,45,0,0,5,FALSE,40,0,TRUE,1,70,8,25,TRUE,240,TRUE,FALSE,25,25,0,FALSE,FALSE,29423.387,64390.24,1780
50,S-FWS-24-01.50,Spot,FALSE,49,45,45,0,0,5,FALSE,40,0,TRUE,1,70,8,25,TRUE,240,TRUE,FALSE,25,25,0,FALSE,FALSE,29343.305,64792.74,1780
51,S-FWS-24-01.51,Spot,FALSE,50,45,45,0,0,5,FALSE,40,0,TRUE,1,70,8,25,TRUE,240,TRUE,FALSE,25,25,0,FALSE,FALSE,29008.356,64760.39,1800.94
52,S-FWS-24-01.52,Spot,FALSE,51,45,45,0,0,5,FALSE,40,0,TRUE,1,70,8,25,TRUE,240,TRUE,FALSE,25,25,0,FALSE,FALSE,28573.535,64764.139,1800.94
53,S-FWS-24-01.53,Spot,FALSE,52,45,45,0,0,5,FALSE,40,0,TRUE,1,70,8,25,TRUE,240,TRUE,FALSE,25,25,0,FALSE,FALSE,28263.009,64795.948,1800.94
54,S-FWS-24-01.54,Spot,FALSE,53,45,45,0,0,5,FALSE,40,0,TRUE,1,70,8,25,TRUE,240,TRUE,FALSE,25,25,0,FALSE,FALSE,27888.239,64725.454,1800.94
55,S-FWS-24-01.55,Spot,FALSE,54,45,45,0,0,5,FALSE,40,0,TRUE,1,70,8,25,TRUE,240,TRUE,FALSE,25,25,0,FALSE,FALSE,27543.305,64745.11,1797.5
56,S-FWS-24-01.56,Spot,FALSE,55,45,45,0,0,5,FALSE,40,0,TRUE,1,70,8,25,TRUE,240,TRUE,FALSE,25,25,0,FALSE,FALSE,27276.84,64636.54,1797.5
57,S-FWS-24-01.57,Spot,FALSE,56,45,45,0,0,5,FALSE,40,0,TRUE,1,70,8,25,TRUE,240,TRUE,FALSE,25,25,0,FALSE,FALSE,26953.19,64638.579,1797.5
58,S-FWS-24-01.58,Spot,FALSE,57,45,45,0,0,5,FALSE,40,0,TRUE,1,70,8,25,TRUE,240,TRUE,FALSE,25,25,0,FALSE,FALSE,26659.078,64670.865,1797.5
59,S-FWS-24-01.59,Spot,FALSE,58,45,45,0,0,5,FALSE,40,0,TRUE,1,70,8,25,TRUE,240,TRUE,FALSE,25,25,0,FALSE,FALSE,26261.035,64722.74,1797.5
60,S-FWS-24-01.60,Spot,FALSE,59,45,45,0,0,5,FALSE,40,0,TRUE,1,70,8,25,TRUE,240,TRUE,FALSE,25,25,0,FALSE,FALSE,25901.036,64726.721,1797.5
61,S-FWS-24-01.61,Spot,FALSE,60,45,45,0,0,5,FALSE,40,0,TRUE,1,70,8,25,TRUE,240,TRUE,FALSE,25,25,0,FALSE,FALSE,25578.469,64664.764,1797.5
62,S-FWS-24-01.62,Spot,FALSE,61,45,45,0,0,5,FALSE,40,0,TRUE,1,70,8,25,TRUE,240,TRUE,FALSE,25,25,0,FALSE,FALSE,25165.955,64647.165,1781.25
63,S-FWS-24-01.63,Spot,FALSE,62,45,45,0,0,5,FALSE,40,0,TRUE,1,70,8,25,TRUE,240,TRUE,FALSE,25,25,0,FALSE,FALSE,24847.137,64659.846,1781.25
64,S-FWS-24-01.64,Spot,FALSE,63,45,45,0,0,5,FALSE,40,0,TRUE,1,70,8,25,TRUE,240,TRUE,FALSE,25,25,0,FALSE,FALSE,24394.637,64727.724,1781.25
65,S-FWS-24-01.65,Spot,FALSE,64,45,45,0,0,5,FALSE,40,0,TRUE,1,70,8,25,TRUE,240,TRUE,FALSE,25,25,0,FALSE,FALSE,23991.479,64588.908,1781.25
66,S-FWS-24-01.66,Spot,FALSE,65,45,45,0,0,5,FALSE,40,0,TRUE,1,70,8,25,TRUE,240,TRUE,FALSE,25,25,0,FALSE,FALSE,23777.86,65152.576,1781.25
67,S-FWS-24-01.67,Spot,FALSE,66,45,45,0,0,5,FALSE,40,0,TRUE,1,70,8,25,TRUE,240,TRUE,FALSE,25,25,0,FALSE,FALSE,24304.307,65053.283,1781.25
68,S-FWS-24-01.68,Spot,FALSE,67,45,45,0,0,5,FALSE,40,0,TRUE,1,70,8,25,TRUE,240,TRUE,FALSE,25,25,0,FALSE,FALSE,24740.031,65087.905,1781.25
69,S-FWS-24-01.69,Spot,FALSE,68,45,45,0,0,5,FALSE,40,0,TRUE,1,70,8,25,TRUE,240,TRUE,FALSE,25,25,0,FALSE,FALSE,25181.459,65009.5,1781.25
70,S-FWS-24-01.70,Spot,FALSE,69,45,45,0,0,5,FALSE,40,0,TRUE,1,70,8,25,TRUE,240,TRUE,FALSE,25,25,0,FALSE,FALSE,25547.926,65098.974,1781.25
71,S-FWS-24-01.71,Spot,FALSE,70,45,45,0,0,5,FALSE,40,0,TRUE,1,70,8,25,TRUE,240,TRUE,FALSE,25,25,0,FALSE,FALSE,25909.735,65154.846,1781.25
72,S-FWS-24-01.72,Spot,FALSE,71,45,45,0,0,5,FALSE,40,0,TRUE,1,70,8,25,TRUE,240,TRUE,FALSE,25,25,0,FALSE,FALSE,26196.824,65066.704,1781.25
73,S-FWS-24-01.73,Spot,FALSE,72,45,45,0,0,5,FALSE,40,0,TRUE,1,70,8,25,TRUE,240,TRUE,FALSE,25,25,0,FALSE,FALSE,26630.574,65032.199,1781.25
74,S-FWS-24-01.74,Spot,FALSE,73,45,45,0,0,5,FALSE,40,0,TRUE,1,70,8,25,TRUE,240,TRUE,FALSE,25,25,0,FALSE,FALSE,26959.503,65075.586,1781.25
75,S-FWS-24-01.75,Spot,FALSE,74,45,45,0,0,5,FALSE,40,0,TRUE,1,70,8,25,TRUE,240,TRUE,FALSE,25,25,0,FALSE,FALSE,27234.308,65141.885,1781.25
76,S-FWS-24-01.76,Spot,FALSE,75,45,45,0,0,5,FALSE,40,0,TRUE,1,70,8,25,TRUE,240,TRUE,FALSE,25,25,0,FALSE,FALSE,27532.335,65142.395,1781.25
77,S-FWS-24-01.77,Spot,FALSE,76,45,45,0,0,5,FALSE,40,0,TRUE,1,70,8,25,TRUE,240,TRUE,FALSE,25,25,0,FALSE,FALSE,27862.433,65242.658,1745.94
78,S-FWS-24-01.78,Spot,FALSE,77,45,45,0,0,5,FALSE,40,0,TRUE,1,70,8,25,TRUE,240,TRUE,FALSE,25,25,0,FALSE,FALSE,28231.56,65177.329,1745.94
79,S-FWS-24-01.79,Spot,FALSE,78,45,45,0,0,5,FALSE,40,0,TRUE,1,70,8,25,TRUE,240,TRUE,FALSE,25,25,0,FALSE,FALSE,28524.555,65232.181,1745.94
80,S-FWS-24-01.80,Spot,FALSE,79,45,45,0,0,5,FALSE,40,0,TRUE,1,70,8,25,TRUE,240,TRUE,FALSE,25,25,0,FALSE,FALSE,28875.344,65269.928,1745.94
81,S-FWS-24-01.81,Spot,FALSE,80,45,45,0,0,5,FALSE,40,0,TRUE,1,70,8,25,TRUE,240,TRUE,FALSE,25,25,0,FALSE,FALSE,29218.469,65241.31,1745.94
82,S-FWS-24-01.82,Spot,FALSE,81,45,45,0,0,5,FALSE,40,0,TRUE,1,70,8,25,TRUE,240,TRUE,FALSE,25,25,0,FALSE,FALSE,29096.067,65704.056,1745.94
83,S-FWS-24-01.83,Spot,FALSE,82,45,45,0,0,5,FALSE,40,0,TRUE,1,70,8,25,TRUE,240,TRUE,FALSE,25,25,0,FALSE,FALSE,28716.874,65665.044,1745.94
84,S-FWS-24-01.84,Spot,FALSE,83,45,45,0,0,5,FALSE,40,0,TRUE,1,70,8,25,TRUE,240,TRUE,FALSE,25,25,0,FALSE,FALSE,28344.767,65754.351,1745.94
85,S-FWS-24-01.85,Spot,FALSE,84,45,45,0,0,5,FALSE,40,0,TRUE,1,70,8,25,TRUE,240,TRUE,FALSE,25,25,0,FALSE,FALSE,28089.867,65643.431,1745.94
86,S-FWS-24-01.86,Spot,FALSE,85,45,45,0,0,5,FALSE,40,0,TRUE,1,70,8,25,TRUE,240,TRUE,FALSE,25,25,0,FALSE,FALSE,27745.328,65641.639,1745.94
87,S-TANN2205 002.1,Spot,FALSE,86,45,45,0,0,5,FALSE,40,0,TRUE,1,70,8,25,TRUE,240,TRUE,FALSE,25,25,0,FALSE,FALSE,53893.403,65543.119,2054.38
88,S-TANN2205 002.2,Spot,FALSE,87,45,45,0,0,5,FALSE,40,0,TRUE,1,70,8,25,TRUE,240,TRUE,FALSE,25,25,0,FALSE,FALSE,54001.43,65511.704,2054.38
89,S-TANN2205 002.3,Spot,FALSE,88,45,45,0,0,5,FALSE,40,0,TRUE,1,70,8,25,TRUE,240,TRUE,FALSE,25,25,0,FALSE,FALSE,54137.318,65401.557,2054.38
90,S-TANN2205 002.4,Spot,FALSE,89,45,45,0,0,5,FALSE,40,0,TRUE,1,70,8,25,TRUE,240,TRUE,FALSE,25,25,0,FALSE,FALSE,54261.889,65577.937,2054.38
91,S-TANN2205 002.5,Spot,FALSE,90,45,45,0,0,5,FALSE,40,0,TRUE,1,70,8,25,TRUE,240,TRUE,FALSE,25,25,0,FALSE,FALSE,54464.16,65388.185,2054.38
92,S-TANN2205 002.6,Spot,FALSE,91,45,45,0,0,5,FALSE,40,0,TRUE,1,70,8,25,TRUE,240,TRUE,FALSE,25,25,0,FALSE,FALSE,54598.781,65529.056,2054.38
93,S-TANN2205 002.7,Spot,FALSE,92,45,45,0,0,5,FALSE,40,0,TRUE,1,70,8,25,TRUE,240,TRUE,FALSE,25,25,0,FALSE,FALSE,54771.199,65396.244,2054.38
94,S-TANN2205 002.8,Spot,FALSE,93,45,45,0,0,5,FALSE,40,0,TRUE,1,70,8,25,TRUE,240,TRUE,FALSE,25,25,0,FALSE,FALSE,54836.43,65536.754,2023.13
95,S-TANN2205 002.9,Spot,FALSE,94,45,45,0,0,5,FALSE,40,0,TRUE,1,70,8,25,TRUE,240,TRUE,FALSE,25,25,0,FALSE,FALSE,55120.442,65484.681,2023.13
96,S-TANN2205 002.10,Spot,FALSE,95,45,45,0,0,5,FALSE,40,0,TRUE,1,70,8,25,TRUE,240,TRUE,FALSE,25,25,0,FALSE,FALSE,55367.844,65349.583,2023.13
97,S-TANN2205 002.11,Spot,FALSE,96,45,45,0,0,5,FALSE,40,0,TRUE,1,70,8,25,TRUE,240,TRUE,FALSE,25,25,0,FALSE,FALSE,55439.949,65533.596,2023.13
98,S-TANN2205 002.12,Spot,FALSE,97,45,45,0,0,5,FALSE,40,0,TRUE,1,70,8,25,TRUE,240,TRUE,FALSE,25,25,0,FALSE,FALSE,55654.506,65233.399,2023.13
99,S-TANN2205 002.13,Spot,FALSE,98,45,45,0,0,5,FALSE,40,0,TRUE,1,70,8,25,TRUE,240,TRUE,FALSE,25,25,0,FALSE,FALSE,55682.302,65344.5,2023.13
100,S-TANN2205 002.14,Spot,FALSE,99,45,45,0,0,5,FALSE,40,0,TRUE,1,70,8,25,TRUE,240,TRUE,FALSE,25,25,0,FALSE,FALSE,55763.321,65563.908,2023.13
101,S-TANN2205 002.15,Spot,FALSE,100,45,45,0,0,5,FALSE,40,0,TRUE,1,70,8,25,TRUE,240,TRUE,FALSE,25,25,0,FALSE,FALSE,56016.624,65416.21,2023.13
102,S-TANN2205 002.16,Spot,FALSE,101,45,45,0,0,5,FALSE,40,0,TRUE,1,70,8,25,TRUE,240,TRUE,FALSE,25,25,0,FALSE,FALSE,56162.875,65520.964,2023.13
103,S-TANN2205 002.17,Spot,FALSE,102,45,45,0,0,5,FALSE,40,0,TRUE,1,70,8,25,TRUE,240,TRUE,FALSE,25,25,0,FALSE,FALSE,56382.811,65421.788,2023.13
104,S-TANN2205 002.18,Spot,FALSE,103,45,45,0,0,5,FALSE,40,0,TRUE,1,70,8,25,TRUE,240,TRUE,FALSE,25,25,0,FALSE,FALSE,56475.18,65543.612,2023.13
105,S-TANN2205 002.19,Spot,FALSE,104,45,45,0,0,5,FALSE,40,0,TRUE,1,70,8,25,TRUE,240,TRUE,FALSE,25,25,0,FALSE,FALSE,56660.391,65443.401,1980
106,S-TANN2205 002.20,Spot,FALSE,105,45,45,0,0,5,FALSE,40,0,TRUE,1,70,8,25,TRUE,240,TRUE,FALSE,25,25,0,FALSE,FALSE,56877.055,65270.52,1980
107,S-TANN2205 002.21,Spot,FALSE,106,45,45,0,0,5,FALSE,40,0,TRUE,1,70,8,25,TRUE,240,TRUE,FALSE,25,25,0,FALSE,FALSE,57010.36,65443.76,1980
108,S-TANN2205 002.22,Spot,FALSE,107,45,45,0,0,5,FALSE,40,0,TRUE,1,70,8,25,TRUE,240,TRUE,FALSE,25,25,0,FALSE,FALSE,56926.906,65601.408,1980
109,S-TANN2205 002.23,Spot,FALSE,108,45,45,0,0,5,FALSE,40,0,TRUE,1,70,8,25,TRUE,240,TRUE,FALSE,25,25,0,FALSE,FALSE,57242.91,65555.142,1980
110,S-TANN2205 002.24,Spot,FALSE,109,45,45,0,0,5,FALSE,40,0,TRUE,1,70,8,25,TRUE,240,TRUE,FALSE,25,25,0,FALSE,FALSE,57261.117,65255.767,1980
111,S-TANN2205 002.25,Spot,FALSE,110,45,45,0,0,5,FALSE,40,0,TRUE,1,70,8,25,TRUE,240,TRUE,FALSE,25,25,0,FALSE,FALSE,57486.692,65270.142,1980
112,S-TANN2205 002.26,Spot,FALSE,111,45,45,0,0,5,FALSE,40,0,TRUE,1,70,8,25,TRUE,240,TRUE,FALSE,25,25,0,FALSE,FALSE,57535.195,65471.161,1980
113,S-TANN2205 002.27,Spot,FALSE,112,45,45,0,0,5,FALSE,40,0,TRUE,1,70,8,25,TRUE,240,TRUE,FALSE,25,25,0,FALSE,FALSE,57727.416,65360.11,1980
114,S-TANN2205 002.28,Spot,FALSE,113,45,45,0,0,5,FALSE,40,0,TRUE,1,70,8,25,TRUE,240,TRUE,FALSE,25,25,0,FALSE,FALSE,57802.991,65539.055,1980
115,S-TANN2205 002.29,Spot,FALSE,114,45,45,0,0,5,FALSE,40,0,TRUE,1,70,8,25,TRUE,240,TRUE,FALSE,25,25,0,FALSE,FALSE,58025.114,65493.037,2001.88
116,S-TANN2205 002.30,Spot,FALSE,115,45,45,0,0,5,FALSE,40,0,TRUE,1,70,8,25,TRUE,240,TRUE,FALSE,25,25,0,FALSE,FALSE,58031.167,65237.346,2001.88
117,S-TANN2205 002.31,Spot,FALSE,116,45,45,0,0,5,FALSE,40,0,TRUE,1,70,8,25,TRUE,240,TRUE,FALSE,25,25,0,FALSE,FALSE,58270.36,65312.494,2001.88
118,S-TANN2205 002.32,Spot,FALSE,117,45,45,0,0,5,FALSE,40,0,TRUE,1,70,8,25,TRUE,240,TRUE,FALSE,25,25,0,FALSE,FALSE,58342.169,65386.276,2001.88
119,S-TANN2205 002.33,Spot,FALSE,118,45,45,0,0,5,FALSE,40,0,TRUE,1,70,8,25,TRUE,240,TRUE,FALSE,25,25,0,FALSE,FALSE,58455.031,65483.053,2001.88
120,S-TANN2205 002.34,Spot,FALSE,119,45,45,0,0,5,FALSE,40,0,TRUE,1,70,8,25,TRUE,240,TRUE,FALSE,25,25,0,FALSE,FALSE,58809.703,65567.231,2001.88
121,S-TANN2205 002.35,Spot,FALSE,120,45,45,0,0,5,FALSE,40,0,TRUE,1,70,8,25,TRUE,240,TRUE,FALSE,25,25,0,FALSE,FALSE,58767.449,65338.645,2001.88
122,S-TANN2205 002.36,Spot,FALSE,121,45,45,0,0,5,FALSE,40,0,TRUE,1,70,8,25,TRUE,240,TRUE,FALSE,25,25,0,FALSE,FALSE,58739.67,65153.829,2001.88
123,S-TANN2205 002.37,Spot,FALSE,122,45,45,0,0,5,FALSE,40,0,TRUE,1,70,8,25,TRUE,240,TRUE,FALSE,25,25,0,FALSE,FALSE,59121.873,65311.556,2001.88
124,S-TANN2205 002.38,Spot,FALSE,123,45,45,0,0,5,FALSE,40,0,TRUE,1,70,8,25,TRUE,240,TRUE,FALSE,25,25,0,FALSE,FALSE,59218.798,65939.221,2012.81
125,S-TANN2205 002.39,Spot,FALSE,124,45,45,0,0,5,FALSE,40,0,TRUE,1,70,8,25,TRUE,240,TRUE,FALSE,25,25,0,FALSE,FALSE,58968.535,65994.303,2012.81
126,S-TANN2205 002.40,Spot,FALSE,125,45,45,0,0,5,FALSE,40,0,TRUE,1,70,8,25,TRUE,240,TRUE,FALSE,25,25,0,FALSE,FALSE,58743.551,65935.865,2012.81
127,S-TANN2205 002.41,Spot,FALSE,126,45,45,0,0,5,FALSE,40,0,TRUE,1,70,8,25,TRUE,240,TRUE,FALSE,25,25,0,FALSE,FALSE,58469.094,66044.451,2012.81
128,S-TANN2205 002.42,Spot,FALSE,127,45,45,0,0,5,FALSE,40,0,TRUE,1,70,8,25,TRUE,240,TRUE,FALSE,25,25,0,FALSE,FALSE,58276.824,66066.162,1999.06
129,S-TANN2205 002.43,Spot,FALSE,128,45,45,0,0,5,FALSE,40,0,TRUE,1,70,8,25,TRUE,240,TRUE,FALSE,25,25,0,FALSE,FALSE,57948.156,66006.474,1999.06
130,S-TANN2205 002.44,Spot,FALSE,129,45,45,0,0,5,FALSE,40,0,TRUE,1,70,8,25,TRUE,240,TRUE,FALSE,25,25,0,FALSE,FALSE,57893.749,66179.978,1999.06
131,S-TANN2205 002.45,Spot,FALSE,130,45,45,0,0,5,FALSE,40,0,TRUE,1,70,8,25,TRUE,240,TRUE,FALSE,25,25,0,FALSE,FALSE,57600.904,66135.306,1999.06
132,S-TANN2205 002.46,Spot,FALSE,131,45,45,0,0,5,FALSE,40,0,TRUE,1,70,8,25,TRUE,240,TRUE,FALSE,25,25,0,FALSE,FALSE,57463.156,65997.214,1986.88
133,S-TANN2205 002.47,Spot,FALSE,132,45,45,0,0,5,FALSE,40,0,TRUE,1,70,8,25,TRUE,240,TRUE,FALSE,25,25,0,FALSE,FALSE,57094.259,66134.139,1986.88
134,S-TANN2205 002.48,Spot,FALSE,133,45,45,0,0,5,FALSE,40,0,TRUE,1,70,8,25,TRUE,240,TRUE,FALSE,25,25,0,FALSE,FALSE,57021.252,65943.663,1986.88
135,S-TANN2205 002.49,Spot,FALSE,134,45,45,0,0,5,FALSE,40,0,TRUE,1,70,8,25,TRUE,240,TRUE,FALSE,25,25,0,FALSE,FALSE,56796.117,66133.99,1986.88
136,S-TANN2205 002.50,Spot,FALSE,135,45,45,0,0,5,FALSE,40,0,TRUE,1,70,8,25,TRUE,240,TRUE,FALSE,25,25,0,FALSE,FALSE,56560.953,66058.283,1986.88
137,S-TANN2205 002.51,Spot,FALSE,136,45,45,0,0,5,FALSE,40,0,TRUE,1,70,8,25,TRUE,240,TRUE,FALSE,25,25,0,FALSE,FALSE,56527.926,65926.869,1986.88
138,S-TANN2205 002.52,Spot,FALSE,137,45,45,0,0,5,FALSE,40,0,TRUE,1,70,8,25,TRUE,240,TRUE,FALSE,25,25,0,FALSE,FALSE,56253.996,65920.635,1986.88
139,S-TANN2205 002.53,Spot,FALSE,138,45,45,0,0,5,FALSE,40,0,TRUE,1,70,8,25,TRUE,240,TRUE,FALSE,25,25,0,FALSE,FALSE,56260.311,66044.58,1986.88
140,S-TANN2205 002.54,Spot,FALSE,139,45,45,0,0,5,FALSE,40,0,TRUE,1,70,8,25,TRUE,240,TRUE,FALSE,25,25,0,FALSE,FALSE,55909.308,66161.753,1986.88
141,S-TANN2205 002.55,Spot,FALSE,140,45,45,0,0,5,FALSE,40,0,TRUE,1,70,8,25,TRUE,240,TRUE,FALSE,25,25,0,FALSE,FALSE,55848.404,66019.731,1986.88
142,S-TANN2205 002.56,Spot,FALSE,141,45,45,0,0,5,FALSE,40,0,TRUE,1,70,8,25,TRUE,240,TRUE,FALSE,25,25,0,FALSE,FALSE,55533.042,65995.158,1986.88
143,S-TANN2205 002.57,Spot,FALSE,142,45,45,0,0,5,FALSE,40,0,TRUE,1,70,8,25,TRUE,240,TRUE,FALSE,25,25,0,FALSE,FALSE,55523.551,66206.392,1986.88
144,S-TANN2205 002.58,Spot,FALSE,143,45,45,0,0,5,FALSE,40,0,TRUE,1,70,8,25,TRUE,240,TRUE,FALSE,25,25,0,FALSE,FALSE,55195.925,66207.738,1986.88
145,S-TANN2205 002.59,Spot,FALSE,144,45,45,0,0,5,FALSE,40,0,TRUE,1,70,8,25,TRUE,240,TRUE,FALSE,25,25,0,FALSE,FALSE,55002.681,66070.306,1986.88
146,S-TANN2205 002.60,Spot,FALSE,145,45,45,0,0,5,FALSE,40,0,TRUE,1,70,8,25,TRUE,240,TRUE,FALSE,25,25,0,FALSE,FALSE,54878.763,66072.723,1986.88
147,S-TANN2205 002.61,Spot,FALSE,146,45,45,0,0,5,FALSE,40,0,TRUE,1,70,8,25,TRUE,240,TRUE,FALSE,25,25,0,FALSE,FALSE,54792.844,66282.641,1986.88
148,S-TANN2205 002.62,Spot,FALSE,147,45,45,0,0,5,FALSE,40,0,TRUE,1,70,8,25,TRUE,240,TRUE,FALSE,25,25,0,FALSE,FALSE,54540.264,66194.254,1986.88
149,S-TANN2205 002.63,Spot,FALSE,148,45,45,0,0,5,FALSE,40,0,TRUE,1,70,8,25,TRUE,240,TRUE,FALSE,25,25,0,FALSE,FALSE,54256.972,66259.681,1986.88
150,S-TANN2205 002.64,Spot,FALSE,149,45,45,0,0,5,FALSE,40,0,TRUE,1,70,8,25,TRUE,240,TRUE,FALSE,25,25,0,FALSE,FALSE,54165.854,66122.361,1986.88
151,S-TANN2205 002.65,Spot,FALSE,150,45,45,0,0,5,FALSE,40,0,TRUE,1,70,8,25,TRUE,240,TRUE,FALSE,25,25,0,FALSE,FALSE,53985.887,66232.428,1986.88
152,S-TANN2205 002.66,Spot,FALSE,151,45,45,0,0,5,FALSE,40,0,TRUE,1,70,8,25,TRUE,240,TRUE,FALSE,25,25,0,FALSE,FALSE,54038.501,66777.099,1963.13
153,S-TANN2205 002.67,Spot,FALSE,152,45,45,0,0,5,FALSE,40,0,TRUE,1,70,8,25,TRUE,240,TRUE,FALSE,25,25,0,FALSE,FALSE,54239.34,66867.971,1963.13
154,S-TANN2205 002.68,Spot,FALSE,153,45,45,0,0,5,FALSE,40,0,TRUE,1,70,8,25,TRUE,240,TRUE,FALSE,25,25,0,FALSE,FALSE,54455.114,66976.474,1963.13
155,S-TANN2205 002.69,Spot,FALSE,154,45,45,0,0,5,FALSE,40,0,TRUE,1,70,8,25,TRUE,240,TRUE,FALSE,25,25,0,FALSE,FALSE,54618.864,66755.52,1963.13
156,S-TANN2205 002.70,Spot,FALSE,155,45,45,0,0,5,FALSE,40,0,TRUE,1,70,8,25,TRUE,240,TRUE,FALSE,25,25,0,FALSE,FALSE,54985.262,66766.951,1963.13
157,S-TANN2205 002.71,Spot,FALSE,156,45,45,0,0,5,FALSE,40,0,TRUE,1,70,8,25,TRUE,240,TRUE,FALSE,25,25,0,FALSE,FALSE,55393.846,66667.922,1963.13
158,S-TANN2205 002.72,Spot,FALSE,157,45,45,0,0,5,FALSE,40,0,TRUE,1,70,8,25,TRUE,240,TRUE,FALSE,25,25,0,FALSE,FALSE,55567.58,66716.622,2015.31
159,S-TANN2205 002.73,Spot,FALSE,158,45,45,0,0,5,FALSE,40,0,TRUE,1,70,8,25,TRUE,240,TRUE,FALSE,25,25,0,FALSE,FALSE,55840.277,66640.257,2015.31
160,S-TANN2205 002.74,Spot,FALSE,159,45,45,0,0,5,FALSE,40,0,TRUE,1,70,8,25,TRUE,240,TRUE,FALSE,25,25,0,FALSE,FALSE,55983.831,66826.26,2015.31
161,S-TANN2205 002.75,Spot,FALSE,160,45,45,0,0,5,FALSE,40,0,TRUE,1,70,8,25,TRUE,240,TRUE,FALSE,25,25,0,FALSE,FALSE,56192.383,66610.586,2015.31
162,S-TANN2205 002.76,Spot,FALSE,161,45,45,0,0,5,FALSE,40,0,TRUE,1,70,8,25,TRUE,240,TRUE,FALSE,25,25,0,FALSE,FALSE,56284.801,66827.412,2008.44
163,S-TANN2205 002.77,Spot,FALSE,162,45,45,0,0,5,FALSE,40,0,TRUE,1,70,8,25,TRUE,240,TRUE,FALSE,25,25,0,FALSE,FALSE,56513.403,66674.221,2008.44
164,S-TANN2205 002.78,Spot,FALSE,163,45,45,0,0,5,FALSE,40,0,TRUE,1,70,8,25,TRUE,240,TRUE,FALSE,25,25,0,FALSE,FALSE,56894.949,66601.985,1986.56
165,S-TANN2205 002.79,Spot,FALSE,164,45,45,0,0,5,FALSE,40,0,TRUE,1,70,8,25,TRUE,240,TRUE,FALSE,25,25,0,FALSE,FALSE,57124.555,66749.615,1986.56
166,S-TANN2205 002.80,Spot,FALSE,165,45,45,0,0,5,FALSE,40,0,TRUE,1,70,8,25,TRUE,240,TRUE,FALSE,25,25,0,FALSE,FALSE,57353.978,66514.846,1986.56
167,S-TANN2205 002.81,Spot,FALSE,166,45,45,0,0,5,FALSE,40,0,TRUE,1,70,8,25,TRUE,240,TRUE,FALSE,25,25,0,FALSE,FALSE,57599.421,66667.182,1986.56
168,S-TANN2205 002.82,Spot,FALSE,167,45,45,0,0,5,FALSE,40,0,TRUE,1,70,8,25,TRUE,240,TRUE,FALSE,25,25,0,FALSE,FALSE,57809.619,66647.824,1986.56
169,S-TANN2205 002.83,Spot,FALSE,168,45,45,0,0,5,FALSE,40,0,TRUE,1,70,8,25,TRUE,240,TRUE,FALSE,25,25,0,FALSE,FALSE,58092.184,66618.941,1986.56
170,S-TANN2205 002.84,Spot,FALSE,169,45,45,0,0,5,FALSE,40,0,TRUE,1,70,8,25,TRUE,240,TRUE,FALSE,25,25,0,FALSE,FALSE,58351.527,66522.544,1986.56
171,S-TANN2205 002.85,Spot,FALSE,170,45,45,0,0,5,FALSE,40,0,TRUE,1,70,8,25,TRUE,240,TRUE,FALSE,25,25,0,FALSE,FALSE,58512.548,66675.717,1964.38
172,S-TANN2205 002.86,Spot,FALSE,171,45,45,0,0,5,FALSE,40,0,TRUE,1,70,8,25,TRUE,240,TRUE,FALSE,25,25,0,FALSE,FALSE,58587.514,66520.883,1964.38
173,S-TANN2205 002.87,Spot,FALSE,172,45,45,0,0,5,FALSE,40,0,TRUE,1,70,8,25,TRUE,240,TRUE,FALSE,25,25,0,FALSE,FALSE,58883.239,66665.686,1991.88
174,S-TANN2205 002.88,Spot,FALSE,173,45,45,0,0,5,FALSE,40,0,TRUE,1,70,8,25,TRUE,240,TRUE,FALSE,25,25,0,FALSE,FALSE,59067.317,66442.264,1991.88
175,S-TANN2205 002.89,Spot,FALSE,174,45,45,0,0,5,FALSE,40,0,TRUE,1,70,8,25,TRUE,240,TRUE,FALSE,25,25,0,FALSE,FALSE,59316.494,66579.517,1991.88
176,NZ23-057.1,Spot,FALSE,175,45,45,0,0,5,FALSE,40,0,TRUE,1,70,8,25,TRUE,240,TRUE,FALSE,25,25,0,FALSE,FALSE,47343.415,83868.808,657.19
177,NZ23-057.2,Spot,FALSE,176,45,45,0,0,5,FALSE,40,0,TRUE,1,70,8,25,TRUE,240,TRUE,FALSE,25,25,0,FALSE,FALSE,47327.219,84039.928,657.19
178,NZ23-057.3,Spot,FALSE,177,45,45,0,0,5,FALSE,40,0,TRUE,1,70,8,25,TRUE,240,TRUE,FALSE,25,25,0,FALSE,FALSE,46973.156,84046.096,657.19
179,NZ23-057.4,Spot,FALSE,178,45,45,0,0,5,FALSE,40,0,TRUE,1,70,8,25,TRUE,240,TRUE,FALSE,25,25,0,FALSE,FALSE,46832.68,83976.951,657.19
180,NZ23-057.5,Spot,FALSE,179,45,45,0,0,5,FALSE,40,0,TRUE,1,70,8,25,TRUE,240,TRUE,FALSE,25,25,0,FALSE,FALSE,46738.041,84129.122,657.19
181,NZ23-057.6,Spot,FALSE,180,45,45,0,0,5,FALSE,40,0,TRUE,1,70,8,25,TRUE,240,TRUE,FALSE,25,25,0,FALSE,FALSE,46599.621,84059.533,657.19
182,NZ23-057.7,Spot,FALSE,181,45,45,0,0,5,FALSE,40,0,TRUE,1,70,8,25,TRUE,240,TRUE,FALSE,25,25,0,FALSE,FALSE,46493.173,84054.797,629.38
183,NZ23-057.8,Spot,FALSE,182,45,45,0,0,5,FALSE,40,0,TRUE,1,70,8,25,TRUE,240,TRUE,FALSE,25,25,0,FALSE,FALSE,46383.781,84024.846,629.38
184,NZ23-057.9,Spot,FALSE,183,45,45,0,0,5,FALSE,40,0,TRUE,1,70,8,25,TRUE,240,TRUE,FALSE,25,25,0,FALSE,FALSE,46236.281,83947.74,629.38
185,NZ23-057.10,Spot,FALSE,184,45,45,0,0,5,FALSE,40,0,TRUE,1,70,8,25,TRUE,240,TRUE,FALSE,25,25,0,FALSE,FALSE,46164.752,84075.126,629.38
186,NZ23-057.11,Spot,FALSE,185,45,45,0,0,5,FALSE,40,0,TRUE,1,70,8,25,TRUE,240,TRUE,FALSE,25,25,0,FALSE,FALSE,46139.785,84209.451,629.38
187,NZ23-057.12,Spot,FALSE,186,45,45,0,0,5,FALSE,40,0,TRUE,1,70,8,25,TRUE,240,TRUE,FALSE,25,25,0,FALSE,FALSE,46028.321,84298.678,629.38
188,NZ23-057.13,Spot,FALSE,187,45,45,0,0,5,FALSE,40,0,TRUE,1,70,8,25,TRUE,240,TRUE,FALSE,25,25,0,FALSE,FALSE,45961.019,84337.592,629.38
189,NZ23-057.14,Spot,FALSE,188,45,45,0,0,5,FALSE,40,0,TRUE,1,70,8,25,TRUE,240,TRUE,FALSE,25,25,0,FALSE,FALSE,45906.051,84283.596,629.38
190,NZ23-057.15,Spot,FALSE,189,45,45,0,0,5,FALSE,40,0,TRUE,1,70,8,25,TRUE,240,TRUE,FALSE,25,25,0,FALSE,FALSE,45871.824,84369.78,629.38
191,NZ23-057.16,Spot,FALSE,190,45,45,0,0,5,FALSE,40,0,TRUE,1,70,8,25,TRUE,240,TRUE,FALSE,25,25,0,FALSE,FALSE,45542.844,84282.74,629.38
192,NZ23-057.17,Spot,FALSE,191,45,45,0,0,5,FALSE,40,0,TRUE,1,70,8,25,TRUE,240,TRUE,FALSE,25,25,0,FALSE,FALSE,45437.926,84187.905,629.38
193,NZ23-057.18,Spot,FALSE,192,45,45,0,0,5,FALSE,40,0,TRUE,1,70,8,25,TRUE,240,TRUE,FALSE,25,25,0,FALSE,FALSE,45327.449,84260.701,629.38
194,NZ23-057.19,Spot,FALSE,193,45,45,0,0,5,FALSE,40,0,TRUE,1,70,8,25,TRUE,240,TRUE,FALSE,25,25,0,FALSE,FALSE,45202.531,84190.389,629.38
195,NZ23-057.20,Spot,FALSE,194,45,45,0,0,5,FALSE,40,0,TRUE,1,70,8,25,TRUE,240,TRUE,FALSE,25,25,0,FALSE,FALSE,45172.926,84052.51,629.38
196,NZ23-057.21,Spot,FALSE,195,45,45,0,0,5,FALSE,40,0,TRUE,1,70,8,25,TRUE,240,TRUE,FALSE,25,25,0,FALSE,FALSE,45046.133,84038.053,629.38
197,NZ23-057.22,Spot,FALSE,196,45,45,0,0,5,FALSE,40,0,TRUE,1,70,8,25,TRUE,240,TRUE,FALSE,25,25,0,FALSE,FALSE,45213.321,84338.365,629.38
198,NZ23-057.23,Spot,FALSE,197,45,45,0,0,5,FALSE,40,0,TRUE,1,70,8,25,TRUE,240,TRUE,FALSE,25,25,0,FALSE,FALSE,44904.406,84336.885,629.38
199,NZ23-057.24,Spot,FALSE,198,45,45,0,0,5,FALSE,40,0,TRUE,1,70,8,25,TRUE,240,TRUE,FALSE,25,25,0,FALSE,FALSE,44696.199,84254.994,629.38
200,NZ23-057.25,Spot,FALSE,199,45,45,0,0,5,FALSE,40,0,TRUE,1,70,8,25,TRUE,240,TRUE,FALSE,25,25,0,FALSE,FALSE,44729.735,84112.954,629.38
201,NZ23-057.26,Spot,FALSE,200,45,45,0,0,5,FALSE,40,0,TRUE,1,70,8,25,TRUE,240,TRUE,FALSE,25,25,0,FALSE,FALSE,44573.93,84257.494,629.38
202,NZ23-057.27,Spot,FALSE,201,45,45,0,0,5,FALSE,40,0,TRUE,1,70,8,25,TRUE,240,TRUE,FALSE,25,25,0,FALSE,FALSE,44112.449,84075.24,536.25
203,NZ23-057.28,Spot,FALSE,202,45,45,0,0,5,FALSE,40,0,TRUE,1,70,8,25,TRUE,240,TRUE,FALSE,25,25,0,FALSE,FALSE,43817.037,84103.349,536.25
204,NZ23-057.29,Spot,FALSE,203,45,45,0,0,5,FALSE,40,0,TRUE,1,70,8,25,TRUE,240,TRUE,FALSE,25,25,0,FALSE,FALSE,43727.696,84004.023,536.25
205,NZ23-057.30,Spot,FALSE,204,45,45,0,0,5,FALSE,40,0,TRUE,1,70,8,25,TRUE,240,TRUE,FALSE,25,25,0,FALSE,FALSE,43706.906,84171.721,555.31
206,NZ23-057.31,Spot,FALSE,205,45,45,0,0,5,FALSE,40,0,TRUE,1,70,8,25,TRUE,240,TRUE,FALSE,25,25,0,FALSE,FALSE,43568.551,84101.096,555.31
207,NZ23-057.32,Spot,FALSE,206,45,45,0,0,5,FALSE,40,0,TRUE,1,70,8,25,TRUE,240,TRUE,FALSE,25,25,0,FALSE,FALSE,43522.81,84273.071,550
208,NZ23-057.33,Spot,FALSE,207,45,45,0,0,5,FALSE,40,0,TRUE,1,70,8,25,TRUE,240,TRUE,FALSE,25,25,0,FALSE,FALSE,43362.269,84316.951,550
209,NZ23-057.34,Spot,FALSE,208,45,45,0,0,5,FALSE,40,0,TRUE,1,70,8,25,TRUE,240,TRUE,FALSE,25,25,0,FALSE,FALSE,43248.222,84005.767,550
210,NZ23-057.35,Spot,FALSE,209,45,45,0,0,5,FALSE,40,0,TRUE,1,70,8,25,TRUE,240,TRUE,FALSE,25,25,0,FALSE,FALSE,43074.094,84092.412,550
211,NZ23-057.36,Spot,FALSE,210,45,45,0,0,5,FALSE,40,0,TRUE,1,70,8,25,TRUE,240,TRUE,FALSE,25,25,0,FALSE,FALSE,43187.449,84423.546,550
212,NZ23-057.37,Spot,FALSE,211,45,45,0,0,5,FALSE,40,0,TRUE,1,70,8,25,TRUE,240,TRUE,FALSE,25,25,0,FALSE,FALSE,43056.808,84394.139,550
213,NZ23-057.38,Spot,FALSE,212,45,45,0,0,5,FALSE,40,0,TRUE,1,70,8,25,TRUE,240,TRUE,FALSE,25,25,0,FALSE,FALSE,42955.854,84490.092,550
214,NZ23-057.39,Spot,FALSE,213,45,45,0,0,5,FALSE,40,0,TRUE,1,70,8,25,TRUE,240,TRUE,FALSE,25,25,0,FALSE,FALSE,42775.442,84441.54,550
215,NZ23-057.40,Spot,FALSE,214,45,45,0,0,5,FALSE,40,0,TRUE,1,70,8,25,TRUE,240,TRUE,FALSE,25,25,0,FALSE,FALSE,42756.117,84217.115,550
216,NZ23-057.41,Spot,FALSE,215,45,45,0,0,5,FALSE,40,0,TRUE,1,70,8,25,TRUE,240,TRUE,FALSE,25,25,0,FALSE,FALSE,42605.953,84270.158,550
217,NZ23-057.42,Spot,FALSE,216,45,45,0,0,5,FALSE,40,0,TRUE,1,70,8,25,TRUE,240,TRUE,FALSE,25,25,0,FALSE,FALSE,42496.972,84192.494,550
218,NZ23-057.43,Spot,FALSE,217,45,45,0,0,5,FALSE,40,0,TRUE,1,70,8,25,TRUE,240,TRUE,FALSE,25,25,0,FALSE,FALSE,42468.09,84087.806,550
219,NZ23-057.44,Spot,FALSE,218,45,45,0,0,5,FALSE,40,0,TRUE,1,70,8,25,TRUE,240,TRUE,FALSE,25,25,0,FALSE,FALSE,42373.567,84117.247,550
220,NZ23-057.45,Spot,FALSE,219,45,45,0,0,5,FALSE,40,0,TRUE,1,70,8,25,TRUE,240,TRUE,FALSE,25,25,0,FALSE,FALSE,42249.949,84255.108,550
221,NZ23-057.46,Spot,FALSE,220,45,45,0,0,5,FALSE,40,0,TRUE,1,70,8,25,TRUE,240,TRUE,FALSE,25,25,0,FALSE,FALSE,42101.972,84136.54,550
222,NZ23-057.47,Spot,FALSE,221,45,45,0,0,5,FALSE,40,0,TRUE,1,70,8,25,TRUE,240,TRUE,FALSE,25,25,0,FALSE,FALSE,41966.512,84138.908,550
223,NZ23-057.48,Spot,FALSE,222,45,45,0,0,5,FALSE,40,0,TRUE,1,70,8,25,TRUE,240,TRUE,FALSE,25,25,0,FALSE,FALSE,41864.012,84050.389,550
224,NZ23-057.49,Spot,FALSE,223,45,45,0,0,5,FALSE,40,0,TRUE,1,70,8,25,TRUE,240,TRUE,FALSE,25,25,0,FALSE,FALSE,41746.43,84102.592,550
225,NZ23-057.50,Spot,FALSE,224,45,45,0,0,5,FALSE,40,0,TRUE,1,70,8,25,TRUE,240,TRUE,FALSE,25,25,0,FALSE,FALSE,41765.212,84223.99,550
226,NZ23-057.51,Spot,FALSE,225,45,45,0,0,5,FALSE,40,0,TRUE,1,70,8,25,TRUE,240,TRUE,FALSE,25,25,0,FALSE,FALSE,41505.673,84232.264,530.94
227,NZ23-057.52,Spot,FALSE,226,45,45,0,0,5,FALSE,40,0,TRUE,1,70,8,25,TRUE,240,TRUE,FALSE,25,25,0,FALSE,FALSE,41525.887,84377.198,530.94
228,NZ23-057.53,Spot,FALSE,227,45,45,0,0,5,FALSE,40,0,TRUE,1,70,8,25,TRUE,240,TRUE,FALSE,25,25,0,FALSE,FALSE,41518.469,84617.889,530.94
229,NZ23-057.54,Spot,FALSE,228,45,45,0,0,5,FALSE,40,0,TRUE,1,70,8,25,TRUE,240,TRUE,FALSE,25,25,0,FALSE,FALSE,41341.347,84690.783,530.94
230,NZ23-057.55,Spot,FALSE,229,45,45,0,0,5,FALSE,40,0,TRUE,1,70,8,25,TRUE,240,TRUE,FALSE,25,25,0,FALSE,FALSE,41231.446,84589.451,530.94
231,NZ23-057.56,Spot,FALSE,230,45,45,0,0,5,FALSE,40,0,TRUE,1,70,8,25,TRUE,240,TRUE,FALSE,25,25,0,FALSE,FALSE,41034.949,84530.24,530.94
232,NZ23-057.57,Spot,FALSE,231,45,45,0,0,5,FALSE,40,0,TRUE,1,70,8,25,TRUE,240,TRUE,FALSE,25,25,0,FALSE,FALSE,41061.906,84165.158,530.94
233,NZ23-057.58,Spot,FALSE,232,45,45,0,0,5,FALSE,40,0,TRUE,1,70,8,25,TRUE,240,TRUE,FALSE,25,25,0,FALSE,FALSE,40926.906,84392.51,530.94
234,NZ23-057.59,Spot,FALSE,233,45,45,0,0,5,FALSE,40,0,TRUE,1,70,8,25,TRUE,240,TRUE,FALSE,25,25,0,FALSE,FALSE,40843.124,84421.096,530.94
235,NZ23-057.60,Spot,FALSE,234,45,45,0,0,5,FALSE,40,0,TRUE,1,70,8,25,TRUE,240,TRUE,FALSE,25,25,0,FALSE,FALSE,40759.867,84345.405,530.94
236,NZ23-057.61,Spot,FALSE,235,45,45,0,0,5,FALSE,40,0,TRUE,1,70,8,25,TRUE,240,TRUE,FALSE,25,25,0,FALSE,FALSE,40615.887,84555.471,508.13
237,NZ23-057.62,Spot,FALSE,236,45,45,0,0,5,FALSE,40,0,TRUE,1,70,8,25,TRUE,240,TRUE,FALSE,25,25,0,FALSE,FALSE,40746.808,84752.905,508.13
238,NZ23-057.63,Spot,FALSE,237,45,45,0,0,5,FALSE,40,0,TRUE,1,70,8,25,TRUE,240,TRUE,FALSE,25,25,0,FALSE,FALSE,40645.492,84836.803,508.13
239,NZ23-057.64,Spot,FALSE,238,45,45,0,0,5,FALSE,40,0,TRUE,1,70,8,25,TRUE,240,TRUE,FALSE,25,25,0,FALSE,FALSE,40460.953,84755.076,508.13
240,NZ23-057.65,Spot,FALSE,239,45,45,0,0,5,FALSE,40,0,TRUE,1,70,8,25,TRUE,240,TRUE,FALSE,25,25,0,FALSE,FALSE,40217.91,84509.139,508.13
241,NZ23-057.66,Spot,FALSE,240,45,45,0,0,5,FALSE,40,0,TRUE,1,70,8,25,TRUE,240,TRUE,FALSE,25,25,0,FALSE,FALSE,40168.765,84369.04,508.13
242,NZ23-057.67,Spot,FALSE,241,45,45,0,0,5,FALSE,40,0,TRUE,1,70,8,25,TRUE,240,TRUE,FALSE,25,25,0,FALSE,FALSE,40216.742,84279.846,508.13
243,NZ23-057.68,Spot,FALSE,242,45,45,0,0,5,FALSE,40,0,TRUE,1,70,8,25,TRUE,240,TRUE,FALSE,25,25,0,FALSE,FALSE,40292.153,84254.418,551.56
244,NZ23-057.69,Spot,FALSE,243,45,45,0,0,5,FALSE,40,0,TRUE,1,70,8,25,TRUE,240,TRUE,FALSE,25,25,0,FALSE,FALSE,39974.226,84517.839,551.56
245,NZ23-057.70,Spot,FALSE,244,45,45,0,0,5,FALSE,40,0,TRUE,1,70,8,25,TRUE,240,TRUE,FALSE,25,25,0,FALSE,FALSE,39806.594,84423.596,551.56
246,NZ23-057.71,Spot,FALSE,245,45,45,0,0,5,FALSE,40,0,TRUE,1,70,8,25,TRUE,240,TRUE,FALSE,25,25,0,FALSE,FALSE,39331.889,84217.708,535.94
247,NZ23-057.72,Spot,FALSE,246,45,45,0,0,5,FALSE,40,0,TRUE,1,70,8,25,TRUE,240,TRUE,FALSE,25,25,0,FALSE,FALSE,39168.847,84118.251,535.94
248,NZ23-057.73,Spot,FALSE,247,45,45,0,0,5,FALSE,40,0,TRUE,1,70,8,25,TRUE,240,TRUE,FALSE,25,25,0,FALSE,FALSE,39132.449,84272.658,535.94
249,NZ23-057.74,Spot,FALSE,248,45,45,0,0,5,FALSE,40,0,TRUE,1,70,8,25,TRUE,240,TRUE,FALSE,25,25,0,FALSE,FALSE,38994.703,84284.385,535.94
250,NZ23-057.75,Spot,FALSE,249,45,45,0,0,5,FALSE,40,0,TRUE,1,70,8,25,TRUE,240,TRUE,FALSE,25,25,0,FALSE,FALSE,39164.785,84401.178,535.94
251,NZ23-057.76,Spot,FALSE,250,45,45,0,0,5,FALSE,40,0,TRUE,1,70,8,25,TRUE,240,TRUE,FALSE,25,25,0,FALSE,FALSE,39132.614,84608.596,535.94
252,NZ23-057.77,Spot,FALSE,251,45,45,0,0,5,FALSE,40,0,TRUE,1,70,8,25,TRUE,240,TRUE,FALSE,25,25,0,FALSE,FALSE,39036.035,84817.198,535.94
253,NZ23-057.78,Spot,FALSE,252,45,45,0,0,5,FALSE,40,0,TRUE,1,70,8,25,TRUE,240,TRUE,FALSE,25,25,0,FALSE,FALSE,38922.515,84929.517,511.88
254,NZ23-057.79,Spot,FALSE,253,45,45,0,0,5,FALSE,40,0,TRUE,1,70,8,25,TRUE,240,TRUE,FALSE,25,25,0,FALSE,FALSE,38966.726,85033.596,511.88
255,NZ23-057.80,Spot,FALSE,254,45,45,0,0,5,FALSE,40,0,TRUE,1,70,8,25,TRUE,240,TRUE,FALSE,25,25,0,FALSE,FALSE,39022.137,85119.796,511.88
256,NZ23-057.81,Spot,FALSE,255,45,45,0,0,5,FALSE,40,0,TRUE,1,70,8,25,TRUE,240,TRUE,FALSE,25,25,0,FALSE,FALSE,39152.301,85182.971,511.88
257,NZ23-057.82,Spot,FALSE,256,45,45,0,0,5,FALSE,40,0,TRUE,1,70,8,25,TRUE,240,TRUE,FALSE,25,25,0,FALSE,FALSE,39318.305,85298.201,511.88
258,NZ23-057.83,Spot,FALSE,257,45,45,0,0,5,FALSE,40,0,TRUE,1,70,8,25,TRUE,240,TRUE,FALSE,25,25,0,FALSE,FALSE,39384.555,85411.573,511.88
259,NZ23-057.84,Spot,FALSE,258,45,45,0,0,5,FALSE,40,0,TRUE,1,70,8,25,TRUE,240,TRUE,FALSE,25,25,0,FALSE,FALSE,39523.781,85385.849,511.88
260,NZ23-057.85,Spot,FALSE,259,45,45,0,0,5,FALSE,40,0,TRUE,1,70,8,25,TRUE,240,TRUE,FALSE,25,25,0,FALSE,FALSE,39607.483,85316.08,495
261,NZ23-057.86,Spot,FALSE,260,45,45,0,0,5,FALSE,40,0,TRUE,1,70,8,25,TRUE,240,TRUE,FALSE,25,25,0,FALSE,FALSE,39733.156,85295.783,495
262,NZ23-057.87,Spot,FALSE,261,45,45,0,0,5,FALSE,40,0,TRUE,1,70,8,25,TRUE,240,TRUE,FALSE,25,25,0,FALSE,FALSE,39875.969,85349.764,495
263,NZ23-057.88,Spot,FALSE,262,45,45,0,0,5,FALSE,40,0,TRUE,1,70,8,25,TRUE,240,TRUE,FALSE,25,25,0,FALSE,FALSE,39910.031,85530.323,495
264,NZ23-057.89,Spot,FALSE,263,45,45,0,0,5,FALSE,40,0,TRUE,1,70,8,25,TRUE,240,TRUE,FALSE,25,25,0,FALSE,FALSE,40048.699,85406.935,495
265,NZ23-057.90,Spot,FALSE,264,45,45,0,0,5,FALSE,40,0,TRUE,1,70,8,25,TRUE,240,TRUE,FALSE,25,25,0,FALSE,FALSE,40172.91,85433.448,495
266,NZ23-057.91,Spot,FALSE,265,45,45,0,0,5,FALSE,40,0,TRUE,1,70,8,25,TRUE,240,TRUE,FALSE,25,25,0,FALSE,FALSE,40100.262,85213.201,495
267,NZ23-057.92,Spot,FALSE,266,45,45,0,0,5,FALSE,40,0,TRUE,1,70,8,25,TRUE,240,TRUE,FALSE,25,25,0,FALSE,FALSE,40356.692,85187.987,499.06
268,NZ23-057.93,Spot,FALSE,267,45,45,0,0,5,FALSE,40,0,TRUE,1,70,8,25,TRUE,240,TRUE,FALSE,25,25,0,FALSE,FALSE,40489.801,85362.626,499.06
269,NZ23-057.94,Spot,FALSE,268,45,45,0,0,5,FALSE,40,0,TRUE,1,70,8,25,TRUE,240,TRUE,FALSE,25,25,0,FALSE,FALSE,40546.808,85223.217,499.06
270,NZ23-057.95,Spot,FALSE,269,45,45,0,0,5,FALSE,40,0,TRUE,1,70,8,25,TRUE,240,TRUE,FALSE,25,25,0,FALSE,FALSE,40658.008,85071.014,499.06
271,NZ23-057.96,Spot,FALSE,270,45,45,0,0,5,FALSE,40,0,TRUE,1,70,8,25,TRUE,240,TRUE,FALSE,25,25,0,FALSE,FALSE,40726.281,85177.264,499.06
272,NZ23-057.97,Spot,FALSE,271,45,45,0,0,5,FALSE,40,0,TRUE,1,70,8,25,TRUE,240,TRUE,FALSE,25,25,0,FALSE,FALSE,40795.969,85419.221,499.06
273,NZ23-057.98,Spot,FALSE,272,45,45,0,0,5,FALSE,40,0,TRUE,1,70,8,25,TRUE,240,TRUE,FALSE,25,25,0,FALSE,FALSE,40995.262,85373.974,499.06
274,NZ23-057.99,Spot,FALSE,273,45,45,0,0,5,FALSE,40,0,TRUE,1,70,8,25,TRUE,240,TRUE,FALSE,25,25,0,FALSE,FALSE,41059.669,85281.704,499.06
275,NZ23-057.100,Spot,FALSE,274,45,45,0,0,5,FALSE,40,0,TRUE,1,70,8,25,TRUE,240,TRUE,FALSE,25,25,0,FALSE,FALSE,41311.478,85314.073,499.06
276,NZ23-057.101,Spot,FALSE,275,45,45,0,0,5,FALSE,40,0,TRUE,1,70,8,25,TRUE,240,TRUE,FALSE,25,25,0,FALSE,FALSE,41366.43,85238.119,499.06
277,NZ23-057.102,Spot,FALSE,276,45,45,0,0,5,FALSE,40,0,TRUE,1,70,8,25,TRUE,240,TRUE,FALSE,25,25,0,FALSE,FALSE,41531.61,85176.458,499.06
278,NZ23-057.103,Spot,FALSE,277,45,45,0,0,5,FALSE,40,0,TRUE,1,70,8,25,TRUE,240,TRUE,FALSE,25,25,0,FALSE,FALSE,41624.324,85418.365,499.06
279,NZ23-057.104,Spot,FALSE,278,45,45,0,0,5,FALSE,40,0,TRUE,1,70,8,25,TRUE,240,TRUE,FALSE,25,25,0,FALSE,FALSE,41822.367,85513.037,499.06
280,NZ23-057.105,Spot,FALSE,279,45,45,0,0,5,FALSE,40,0,TRUE,1,70,8,25,TRUE,240,TRUE,FALSE,25,25,0,FALSE,FALSE,41948.156,85472.115,499.06
281,NZ23-057.106,Spot,FALSE,280,45,45,0,0,5,FALSE,40,0,TRUE,1,70,8,25,TRUE,240,TRUE,FALSE,25,25,0,FALSE,FALSE,41867.531,85339.615,499.06
282,NZ23-057.107,Spot,FALSE,281,45,45,0,0,5,FALSE,40,0,TRUE,1,70,8,25,TRUE,240,TRUE,FALSE,25,25,0,FALSE,FALSE,41944.555,85289.303,499.06
283,NZ23-057.108,Spot,FALSE,282,45,45,0,0,5,FALSE,40,0,TRUE,1,70,8,25,TRUE,240,TRUE,FALSE,25,25,0,FALSE,FALSE,42067.383,85354.846,499.06
284,NZ23-057.109,Spot,FALSE,283,45,45,0,0,5,FALSE,40,0,TRUE,1,70,8,25,TRUE,240,TRUE,FALSE,25,25,0,FALSE,FALSE,42217.663,85460.602,499.06
285,NZ23-057.110,Spot,FALSE,284,45,45,0,0,5,FALSE,40,0,TRUE,1,70,8,25,TRUE,240,TRUE,FALSE,25,25,0,FALSE,FALSE,42347.828,85275.701,499.06
286,NZ23-057.111,Spot,FALSE,285,45,45,0,0,5,FALSE,40,0,TRUE,1,70,8,25,TRUE,240,TRUE,FALSE,25,25,0,FALSE,FALSE,42368.305,85210.52,499.06
287,NZ23-057.112,Spot,FALSE,286,45,45,0,0,5,FALSE,40,0,TRUE,1,70,8,25,TRUE,240,TRUE,FALSE,25,25,0,FALSE,FALSE,42457.465,85160.323,499.06
288,NZ23-057.113,Spot,FALSE,287,45,45,0,0,5,FALSE,40,0,TRUE,1,70,8,25,TRUE,240,TRUE,FALSE,25,25,0,FALSE,FALSE,42541.035,85234.846,499.06
289,NZ23-057.114,Spot,FALSE,288,45,45,0,0,5,FALSE,40,0,TRUE,1,70,8,25,TRUE,240,TRUE,FALSE,25,25,0,FALSE,FALSE,42666.824,85318.283,499.06
290,NZ23-057.115,Spot,FALSE,289,45,45,0,0,5,FALSE,40,0,TRUE,1,70,8,25,TRUE,240,TRUE,FALSE,25,25,0,FALSE,FALSE,42751.676,85243.744,557.5
291,NZ23-057.116,Spot,FALSE,290,45,45,0,0,5,FALSE,40,0,TRUE,1,70,8,25,TRUE,240,TRUE,FALSE,25,25,0,FALSE,FALSE,43107.071,85330.142,557.5
292,NZ23-057.117,Spot,FALSE,291,45,45,0,0,5,FALSE,40,0,TRUE,1,70,8,25,TRUE,240,TRUE,FALSE,25,25,0,FALSE,FALSE,43359.489,85235.306,557.5
293,NZ23-057.118,Spot,FALSE,292,45,45,0,0,5,FALSE,40,0,TRUE,1,70,8,25,TRUE,240,TRUE,FALSE,25,25,0,FALSE,FALSE,43477.285,85180.783,557.5
294,NZ23-057.119,Spot,FALSE,293,45,45,0,0,5,FALSE,40,0,TRUE,1,70,8,25,TRUE,240,TRUE,FALSE,25,25,0,FALSE,FALSE,43500.328,85294.912,557.5
295,NZ23-057.120,Spot,FALSE,294,45,45,0,0,5,FALSE,40,0,TRUE,1,70,8,25,TRUE,240,TRUE,FALSE,25,25,0,FALSE,FALSE,43439.242,85057.033,557.5
296,NZ23-057.121,Spot,FALSE,295,45,45,0,0,5,FALSE,40,0,TRUE,1,70,8,25,TRUE,240,TRUE,FALSE,25,25,0,FALSE,FALSE,43582.58,85023.333,550
297,NZ23-057.122,Spot,FALSE,296,45,45,0,0,5,FALSE,40,0,TRUE,1,70,8,25,TRUE,240,TRUE,FALSE,25,25,0,FALSE,FALSE,43825.278,85215.865,550
298,NZ23-057.123,Spot,FALSE,297,45,45,0,0,5,FALSE,40,0,TRUE,1,70,8,25,TRUE,240,TRUE,FALSE,25,25,0,FALSE,FALSE,43900.722,85443.826,550
299,NZ23-057.124,Spot,FALSE,298,45,45,0,0,5,FALSE,40,0,TRUE,1,70,8,25,TRUE,240,TRUE,FALSE,25,25,0,FALSE,FALSE,43950.739,85343.99,550
300,NZ23-057.125,Spot,FALSE,299,45,45,0,0,5,FALSE,40,0,TRUE,1,70,8,25,TRUE,240,TRUE,FALSE,25,25,0,FALSE,FALSE,44205.969,85294.994,550
301,NZ23-057.126,Spot,FALSE,300,45,45,0,0,5,FALSE,40,0,TRUE,1,70,8,25,TRUE,240,TRUE,FALSE,25,25,0,FALSE,FALSE,44401.775,85262.642,550
302,NZ23-057.127,Spot,FALSE,301,45,45,0,0,5,FALSE,40,0,TRUE,1,70,8,25,TRUE,240,TRUE,FALSE,25,25,0,FALSE,FALSE,44481.89,85122.115,550
303,NZ23-057.128,Spot,FALSE,302,45,45,0,0,5,FALSE,40,0,TRUE,1,70,8,25,TRUE,240,TRUE,FALSE,25,25,0,FALSE,FALSE,44607.449,85359.764,550
304,NZ23-057.129,Spot,FALSE,303,45,45,0,0,5,FALSE,40,0,TRUE,1,70,8,25,TRUE,240,TRUE,FALSE,25,25,0,FALSE,FALSE,44803.469,85224.385,550
305,NZ23-057.130,Spot,FALSE,304,45,45,0,0,5,FALSE,40,0,TRUE,1,70,8,25,TRUE,240,TRUE,FALSE,25,25,0,FALSE,FALSE,44733.305,85086.014,550
306,NZ23-057.131,Spot,FALSE,305,45,45,0,0,5,FALSE,40,0,TRUE,1,70,8,25,TRUE,240,TRUE,FALSE,25,25,0,FALSE,FALSE,44913.798,85180.273,550
307,NZ23-057.132,Spot,FALSE,306,45,45,0,0,5,FALSE,40,0,TRUE,1,70,8,25,TRUE,240,TRUE,FALSE,25,25,0,FALSE,FALSE,44948.93,85279.764,550
308,NZ23-057.133,Spot,FALSE,307,45,45,0,0,5,FALSE,40,0,TRUE,1,70,8,25,TRUE,240,TRUE,FALSE,25,25,0,FALSE,FALSE,45113.156,85215.471,550
309,NZ23-057.134,Spot,FALSE,308,45,45,0,0,5,FALSE,40,0,TRUE,1,70,8,25,TRUE,240,TRUE,FALSE,25,25,0,FALSE,FALSE,45376.594,85080.783,550
310,NZ23-057.135,Spot,FALSE,309,45,45,0,0,5,FALSE,40,0,TRUE,1,70,8,25,TRUE,240,TRUE,FALSE,25,25,0,FALSE,FALSE,45673.551,85090.158,550
311,NZ23-057.136,Spot,FALSE,310,45,45,0,0,5,FALSE,40,0,TRUE,1,70,8,25,TRUE,240,TRUE,FALSE,25,25,0,FALSE,FALSE,45998.617,85218.283,550
312,NZ23-057.137,Spot,FALSE,311,45,45,0,0,5,FALSE,40,0,TRUE,1,70,8,25,TRUE,240,TRUE,FALSE,25,25,0,FALSE,FALSE,46146.824,85192.889,550
313,NZ23-057.138,Spot,FALSE,312,45,45,0,0,5,FALSE,40,0,TRUE,1,70,8,25,TRUE,240,TRUE,FALSE,25,25,0,FALSE,FALSE,46344.324,85246.967,550
314,NZ23-057.139,Spot,FALSE,313,45,45,0,0,5,FALSE,40,0,TRUE,1,70,8,25,TRUE,240,TRUE,FALSE,25,25,0,FALSE,FALSE,46458.617,85061.096,591.25
315,NZ23-057.140,Spot,FALSE,314,45,45,0,0,5,FALSE,40,0,TRUE,1,70,8,25,TRUE,240,TRUE,FALSE,25,25,0,FALSE,FALSE,46666.462,85137.444,591.25
316,NZ23-057.141,Spot,FALSE,315,45,45,0,0,5,FALSE,40,0,TRUE,1,70,8,25,TRUE,240,TRUE,FALSE,25,25,0,FALSE,FALSE,46725.492,85055.306,591.25
317,NZ23-057.142,Spot,FALSE,316,45,45,0,0,5,FALSE,40,0,TRUE,1,70,8,25,TRUE,240,TRUE,FALSE,25,25,0,FALSE,FALSE,46957.63,85085.01,591.25
318,NZ23-057.143,Spot,FALSE,317,45,45,0,0,5,FALSE,40,0,TRUE,1,70,8,25,TRUE,240,TRUE,FALSE,25,25,0,FALSE,FALSE,47050.59,85203.892,591.25
319,NZ23-057.144,Spot,FALSE,318,45,45,0,0,5,FALSE,40,0,TRUE,1,70,8,25,TRUE,240,TRUE,FALSE,25,25,0,FALSE,FALSE,47220.262,85137.428,591.25
320,NZ23-057.145,Spot,FALSE,319,45,45,0,0,5,FALSE,40,0,TRUE,1,70,8,25,TRUE,240,TRUE,FALSE,25,25,0,FALSE,FALSE,47407.712,85123.514,591.25
321,NZ23-057.146,Spot,FALSE,320,45,45,0,0,5,FALSE,40,0,TRUE,1,70,8,25,TRUE,240,TRUE,FALSE,25,25,0,FALSE,FALSE,47408.699,84977.823,591.25
322,NZ23-057.147,Spot,FALSE,321,45,45,0,0,5,FALSE,40,0,TRUE,1,70,8,25,TRUE,240,TRUE,FALSE,25,25,0,FALSE,FALSE,47263.847,84793.744,591.25
323,NZ23-057.148,Spot,FALSE,322,45,45,0,0,5,FALSE,40,0,TRUE,1,70,8,25,TRUE,240,TRUE,FALSE,25,25,0,FALSE,FALSE,47364.06,84744.435,591.25
324,NZ23-057.149,Spot,FALSE,323,45,45,0,0,5,FALSE,40,0,TRUE,1,70,8,25,TRUE,240,TRUE,FALSE,25,25,0,FALSE,FALSE,47358.962,84588.479,591.25
325,NZ23-057.150,Spot,FALSE,324,45,45,0,0,5,FALSE,40,0,TRUE,1,70,8,25,TRUE,240,TRUE,FALSE,25,25,0,FALSE,FALSE,47050.656,84317.23,591.25
326,TANN2205 006.1,Spot,FALSE,325,45,45,0,0,5,FALSE,40,0,TRUE,1,70,8,25,TRUE,240,TRUE,FALSE,25,25,0,FALSE,FALSE,81550.821,63764.846,853.44
327,TANN2205 006.2,Spot,FALSE,326,45,45,0,0,5,FALSE,40,0,TRUE,1,70,8,25,TRUE,240,TRUE,FALSE,25,25,0,FALSE,FALSE,81623.485,63763.185,853.44
328,TANN2205 006.3,Spot,FALSE,327,45,45,0,0,5,FALSE,40,0,TRUE,1,70,8,25,TRUE,240,TRUE,FALSE,25,25,0,FALSE,FALSE,81658.617,63858.185,853.44
329,TANN2205 006.4,Spot,FALSE,328,45,45,0,0,5,FALSE,40,0,TRUE,1,70,8,25,TRUE,240,TRUE,FALSE,25,25,0,FALSE,FALSE,81725.507,63915.652,853.44
330,TANN2205 006.5,Spot,FALSE,329,45,45,0,0,5,FALSE,40,0,TRUE,1,70,8,25,TRUE,240,TRUE,FALSE,25,25,0,FALSE,FALSE,81778.025,63778.036,853.44
331,TANN2205 006.6,Spot,FALSE,330,45,45,0,0,5,FALSE,40,0,TRUE,1,70,8,25,TRUE,240,TRUE,FALSE,25,25,0,FALSE,FALSE,81856.43,64053.974,853.44
332,TANN2205 006.7,Spot,FALSE,331,45,45,0,0,5,FALSE,40,0,TRUE,1,70,8,25,TRUE,240,TRUE,FALSE,25,25,0,FALSE,FALSE,81974.653,64053.694,853.44
333,TANN2205 006.8,Spot,FALSE,332,45,45,0,0,5,FALSE,40,0,TRUE,1,70,8,25,TRUE,240,TRUE,FALSE,25,25,0,FALSE,FALSE,82073.074,64106.49,853.44
334,TANN2205 006.9,Spot,FALSE,333,45,45,0,0,5,FALSE,40,0,TRUE,1,70,8,25,TRUE,240,TRUE,FALSE,25,25,0,FALSE,FALSE,82133.847,63889.139,853.44
335,TANN2205 006.10,Spot,FALSE,334,45,45,0,0,5,FALSE,40,0,TRUE,1,70,8,25,TRUE,240,TRUE,FALSE,25,25,0,FALSE,FALSE,82186.84,63908.744,853.44
336,TANN2205 006.11,Spot,FALSE,335,45,45,0,0,5,FALSE,40,0,TRUE,1,70,8,25,TRUE,240,TRUE,FALSE,25,25,0,FALSE,FALSE,82456.857,64005.619,853.44
337,TANN2205 006.12,Spot,FALSE,336,45,45,0,0,5,FALSE,40,0,TRUE,1,70,8,25,TRUE,240,TRUE,FALSE,25,25,0,FALSE,FALSE,82487.68,64028.201,853.44
338,TANN2205 006.13,Spot,FALSE,337,45,45,0,0,5,FALSE,40,0,TRUE,1,70,8,25,TRUE,240,TRUE,FALSE,25,25,0,FALSE,FALSE,82486.742,64077.099,853.44
339,TANN2205 006.14,Spot,FALSE,338,45,45,0,0,5,FALSE,40,0,TRUE,1,70,8,25,TRUE,240,TRUE,FALSE,25,25,0,FALSE,FALSE,82567.828,64145.421,853.44
340,TANN2205 006.15,Spot,FALSE,339,45,45,0,0,5,FALSE,40,0,TRUE,1,70,8,25,TRUE,240,TRUE,FALSE,25,25,0,FALSE,FALSE,82582.548,64213.037,868.44
341,TANN2205 006.16,Spot,FALSE,340,45,45,0,0,5,FALSE,40,0,TRUE,1,70,8,25,TRUE,240,TRUE,FALSE,25,25,0,FALSE,FALSE,82759.637,64087.576,868.44
342,TANN2205 006.17,Spot,FALSE,341,45,45,0,0,5,FALSE,40,0,TRUE,1,70,8,25,TRUE,240,TRUE,FALSE,25,25,0,FALSE,FALSE,82659.094,63899.533,868.44
343,TANN2205 006.18,Spot,FALSE,342,45,45,0,0,5,FALSE,40,0,TRUE,1,70,8,25,TRUE,240,TRUE,FALSE,25,25,0,FALSE,FALSE,82708.781,63847.181,868.44
344,TANN2205 006.19,Spot,FALSE,343,45,45,0,0,5,FALSE,40,0,TRUE,1,70,8,25,TRUE,240,TRUE,FALSE,25,25,0,FALSE,FALSE,82779.735,63678.612,868.44
345,TANN2205 006.20,Spot,FALSE,344,45,45,0,0,5,FALSE,40,0,TRUE,1,70,8,25,TRUE,240,TRUE,FALSE,25,25,0,FALSE,FALSE,82818.715,63745.389,868.44
346,TANN2205 006.21,Spot,FALSE,345,45,45,0,0,5,FALSE,40,0,TRUE,1,70,8,25,TRUE,240,TRUE,FALSE,25,25,0,FALSE,FALSE,82921.676,63939.764,868.44
347,TANN2205 006.22,Spot,FALSE,346,45,45,0,0,5,FALSE,40,0,TRUE,1,70,8,25,TRUE,240,TRUE,FALSE,25,25,0,FALSE,FALSE,83106.117,63781.244,868.44
348,TANN2205 006.23,Spot,FALSE,347,45,45,0,0,5,FALSE,40,0,TRUE,1,70,8,25,TRUE,240,TRUE,FALSE,25,25,0,FALSE,FALSE,83093.058,63660.52,869.06
349,TANN2205 006.24,Spot,FALSE,348,45,45,0,0,5,FALSE,40,0,TRUE,1,70,8,25,TRUE,240,TRUE,FALSE,25,25,0,FALSE,FALSE,83162.794,63745.487,869.06
350,TANN2205 006.25,Spot,FALSE,349,45,45,0,0,5,FALSE,40,0,TRUE,1,70,8,25,TRUE,240,TRUE,FALSE,25,25,0,FALSE,FALSE,83200.969,63866.178,869.06
351,TANN2205 006.26,Spot,FALSE,350,45,45,0,0,5,FALSE,40,0,TRUE,1,70,8,25,TRUE,240,TRUE,FALSE,25,25,0,FALSE,FALSE,83253.387,63831.408,869.06
352,TANN2205 006.27,Spot,FALSE,351,45,45,0,0,5,FALSE,40,0,TRUE,1,70,8,25,TRUE,240,TRUE,FALSE,25,25,0,FALSE,FALSE,83319.555,63807.658,869.06
353,TANN2205 006.28,Spot,FALSE,352,45,45,0,0,5,FALSE,40,0,TRUE,1,70,8,25,TRUE,240,TRUE,FALSE,25,25,0,FALSE,FALSE,83359.801,63792.412,869.06
354,TANN2205 006.29,Spot,FALSE,353,45,45,0,0,5,FALSE,40,0,TRUE,1,70,8,25,TRUE,240,TRUE,FALSE,25,25,0,FALSE,FALSE,83332.449,63969.451,869.06
355,TANN2205 006.30,Spot,FALSE,354,45,45,0,0,5,FALSE,40,0,TRUE,1,70,8,25,TRUE,240,TRUE,FALSE,25,25,0,FALSE,FALSE,83301.594,64013.119,869.06
356,TANN2205 006.31,Spot,FALSE,355,45,45,0,0,5,FALSE,40,0,TRUE,1,70,8,25,TRUE,240,TRUE,FALSE,25,25,0,FALSE,FALSE,83415.656,64010.389,869.06
357,TANN2205 006.32,Spot,FALSE,356,45,45,0,0,5,FALSE,40,0,TRUE,1,70,8,25,TRUE,240,TRUE,FALSE,25,25,0,FALSE,FALSE,83449.9,64037.28,869.06
358,TANN2205 006.33,Spot,FALSE,357,45,45,0,0,5,FALSE,40,0,TRUE,1,70,8,25,TRUE,240,TRUE,FALSE,25,25,0,FALSE,FALSE,83552.926,64055.24,869.06
359,TANN2205 006.34,Spot,FALSE,358,45,45,0,0,5,FALSE,40,0,TRUE,1,70,8,25,TRUE,240,TRUE,FALSE,25,25,0,FALSE,FALSE,83287.531,64139.928,869.06
360,TANN2205 006.35,Spot,FALSE,359,45,45,0,0,5,FALSE,40,0,TRUE,1,70,8,25,TRUE,240,TRUE,FALSE,25,25,0,FALSE,FALSE,83260.542,64170.323,869.06
361,TANN2205 006.36,Spot,FALSE,360,45,45,0,0,5,FALSE,40,0,TRUE,1,70,8,25,TRUE,240,TRUE,FALSE,25,25,0,FALSE,FALSE,83320.928,64172.691,869.06
362,TANN2205 006.37,Spot,FALSE,361,45,45,0,0,5,FALSE,40,0,TRUE,1,70,8,25,TRUE,240,TRUE,FALSE,25,25,0,FALSE,FALSE,83433.864,64123.299,869.06
363,TANN2205 006.38,Spot,FALSE,362,45,45,0,0,5,FALSE,40,0,TRUE,1,70,8,25,TRUE,240,TRUE,FALSE,25,25,0,FALSE,FALSE,83478.321,64137.938,869.06
364,TANN2205 006.39,Spot,FALSE,363,45,45,0,0,5,FALSE,40,0,TRUE,1,70,8,25,TRUE,240,TRUE,FALSE,25,25,0,FALSE,FALSE,83526.199,64178.365,869.06
365,TANN2205 006.40,Spot,FALSE,364,45,45,0,0,5,FALSE,40,0,TRUE,1,70,8,25,TRUE,240,TRUE,FALSE,25,25,0,FALSE,FALSE,83614.324,64177.658,869.06
366,TANN2205 006.41,Spot,FALSE,365,45,45,0,0,5,FALSE,40,0,TRUE,1,70,8,25,TRUE,240,TRUE,FALSE,25,25,0,FALSE,FALSE,83818.551,64244.632,869.06
367,TANN2205 006.42,Spot,FALSE,366,45,45,0,0,5,FALSE,40,0,TRUE,1,70,8,25,TRUE,240,TRUE,FALSE,25,25,0,FALSE,FALSE,83908.551,64234.912,869.06
368,TANN2205 006.43,Spot,FALSE,367,45,45,0,0,5,FALSE,40,0,TRUE,1,70,8,25,TRUE,240,TRUE,FALSE,25,25,0,FALSE,FALSE,83868.387,64144.483,869.06
369,TANN2205 006.44,Spot,FALSE,368,45,45,0,0,5,FALSE,40,0,TRUE,1,70,8,25,TRUE,240,TRUE,FALSE,25,25,0,FALSE,FALSE,83768.156,64128.448,869.06
370,TANN2205 006.45,Spot,FALSE,369,45,45,0,0,5,FALSE,40,0,TRUE,1,70,8,25,TRUE,240,TRUE,FALSE,25,25,0,FALSE,FALSE,83649.817,64007.494,862.5
371,TANN2205 006.46,Spot,FALSE,370,45,45,0,0,5,FALSE,40,0,TRUE,1,70,8,25,TRUE,240,TRUE,FALSE,25,25,0,FALSE,FALSE,83743.09,63970.865,862.5
372,TANN2205 006.47,Spot,FALSE,371,45,45,0,0,5,FALSE,40,0,TRUE,1,70,8,25,TRUE,240,TRUE,FALSE,25,25,0,FALSE,FALSE,83744.719,63828.842,862.5
373,TANN2205 006.48,Spot,FALSE,372,45,45,0,0,5,FALSE,40,0,TRUE,1,70,8,25,TRUE,240,TRUE,FALSE,25,25,0,FALSE,FALSE,83868.683,63739.435,862.5
374,TANN2205 006.49,Spot,FALSE,373,45,45,0,0,5,FALSE,40,0,TRUE,1,70,8,25,TRUE,240,TRUE,FALSE,25,25,0,FALSE,FALSE,83910.519,63748.512,862.5
375,TANN2205 006.50,Spot,FALSE,374,45,45,0,0,5,FALSE,40,0,TRUE,1,70,8,25,TRUE,240,TRUE,FALSE,25,25,0,FALSE,FALSE,83983.551,63893.119,862.5
376,TANN2205 006.51,Spot,FALSE,375,45,45,0,0,5,FALSE,40,0,TRUE,1,70,8,25,TRUE,240,TRUE,FALSE,25,25,0,FALSE,FALSE,83858.864,63952.576,862.5
377,TANN2205 006.52,Spot,FALSE,376,45,45,0,0,5,FALSE,40,0,TRUE,1,70,8,25,TRUE,240,TRUE,FALSE,25,25,0,FALSE,FALSE,83986.085,63983.514,862.5
378,TANN2205 006.53,Spot,FALSE,377,45,45,0,0,5,FALSE,40,0,TRUE,1,70,8,25,TRUE,240,TRUE,FALSE,25,25,0,FALSE,FALSE,84028.09,64245.174,862.5
379,TANN2205 006.54,Spot,FALSE,378,45,45,0,0,5,FALSE,40,0,TRUE,1,70,8,25,TRUE,240,TRUE,FALSE,25,25,0,FALSE,FALSE,84064.007,64210.837,862.5
380,TANN2205 006.55,Spot,FALSE,379,45,45,0,0,5,FALSE,40,0,TRUE,1,70,8,25,TRUE,240,TRUE,FALSE,25,25,0,FALSE,FALSE,84158.864,64083.448,862.5
381,TANN2205 006.56,Spot,FALSE,380,45,45,0,0,5,FALSE,40,0,TRUE,1,70,8,25,TRUE,240,TRUE,FALSE,25,25,0,FALSE,FALSE,84197.543,64081.474,862.5
382,TANN2205 006.57,Spot,FALSE,381,45,45,0,0,5,FALSE,40,0,TRUE,1,70,8,25,TRUE,240,TRUE,FALSE,25,25,0,FALSE,FALSE,84229.948,64097.691,862.5
383,TANN2205 006.58,Spot,FALSE,382,45,45,0,0,5,FALSE,40,0,TRUE,1,70,8,25,TRUE,240,TRUE,FALSE,25,25,0,FALSE,FALSE,84276.521,64096.112,862.5
384,TANN2205 006.59,Spot,FALSE,383,45,45,0,0,5,FALSE,40,0,TRUE,1,70,8,25,TRUE,240,TRUE,FALSE,25,25,0,FALSE,FALSE,84298.683,63972.067,862.5
385,TANN2205 006.60,Spot,FALSE,384,45,45,0,0,5,FALSE,40,0,TRUE,1,70,8,25,TRUE,240,TRUE,FALSE,25,25,0,FALSE,FALSE,84452.844,64069.698,862.5
386,TANN2205 006.61,Spot,FALSE,385,45,45,0,0,5,FALSE,40,0,TRUE,1,70,8,25,TRUE,240,TRUE,FALSE,25,25,0,FALSE,FALSE,84501.347,64061.014,862.5
387,TANN2205 006.62,Spot,FALSE,386,45,45,0,0,5,FALSE,40,0,TRUE,1,70,8,25,TRUE,240,TRUE,FALSE,25,25,0,FALSE,FALSE,84492.614,64150.24,862.5
388,TANN2205 006.63,Spot,FALSE,387,45,45,0,0,5,FALSE,40,0,TRUE,1,70,8,25,TRUE,240,TRUE,FALSE,25,25,0,FALSE,FALSE,84538.815,64161.557,862.5
389,TANN2205 006.64,Spot,FALSE,388,45,45,0,0,5,FALSE,40,0,TRUE,1,70,8,25,TRUE,240,TRUE,FALSE,25,25,0,FALSE,FALSE,84654.16,64204.944,837.81
390,TANN2205 006.65,Spot,FALSE,389,45,45,0,0,5,FALSE,40,0,TRUE,1,70,8,25,TRUE,240,TRUE,FALSE,25,25,0,FALSE,FALSE,84760.097,64195.306,837.81
391,TANN2205 006.66,Spot,FALSE,390,45,45,0,0,5,FALSE,40,0,TRUE,1,70,8,25,TRUE,240,TRUE,FALSE,25,25,0,FALSE,FALSE,84773.601,64064.994,837.81
392,TANN2205 006.67,Spot,FALSE,391,45,45,0,0,5,FALSE,40,0,TRUE,1,70,8,25,TRUE,240,TRUE,FALSE,25,25,0,FALSE,FALSE,84831.619,64082.755,837.81
393,TANN2205 006.68,Spot,FALSE,392,45,45,0,0,5,FALSE,40,0,TRUE,1,70,8,25,TRUE,240,TRUE,FALSE,25,25,0,FALSE,FALSE,84824.946,64012.36,837.81
394,TANN2205 006.69,Spot,FALSE,393,45,45,0,0,5,FALSE,40,0,TRUE,1,70,8,25,TRUE,240,TRUE,FALSE,25,25,0,FALSE,FALSE,84814.29,63958.683,837.81
395,TANN2205 006.70,Spot,FALSE,394,45,45,0,0,5,FALSE,40,0,TRUE,1,70,8,25,TRUE,240,TRUE,FALSE,25,25,0,FALSE,FALSE,84710.426,63948.579,837.81
396,TANN2205 006.71,Spot,FALSE,395,45,45,0,0,5,FALSE,40,0,TRUE,1,70,8,25,TRUE,240,TRUE,FALSE,25,25,0,FALSE,FALSE,84903.222,63820.537,837.81
397,TANN2205 006.72,Spot,FALSE,396,45,45,0,0,5,FALSE,40,0,TRUE,1,70,8,25,TRUE,240,TRUE,FALSE,25,25,0,FALSE,FALSE,84925.048,63764.056,837.81
398,TANN2205 006.73,Spot,FALSE,397,45,45,0,0,5,FALSE,40,0,TRUE,1,70,8,25,TRUE,240,TRUE,FALSE,25,25,0,FALSE,FALSE,84988.09,63927.444,837.81
399,TANN2205 006.74,Spot,FALSE,398,45,45,0,0,5,FALSE,40,0,TRUE,1,70,8,25,TRUE,240,TRUE,FALSE,25,25,0,FALSE,FALSE,85059.9,63888.744,837.81
400,TANN2205 006.75,Spot,FALSE,399,45,45,0,0,5,FALSE,40,0,TRUE,1,70,8,25,TRUE,240,TRUE,FALSE,25,25,0,FALSE,FALSE,84883.633,64187.592,837.81
401,TANN2205 006.76,Spot,FALSE,400,45,45,0,0,5,FALSE,40,0,TRUE,1,70,8,25,TRUE,240,TRUE,FALSE,25,25,0,FALSE,FALSE,84964.637,64195.701,837.81
402,TANN2205 006.77,Spot,FALSE,401,45,45,0,0,5,FALSE,40,0,TRUE,1,70,8,25,TRUE,240,TRUE,FALSE,25,25,0,FALSE,FALSE,85036.15,64191.721,837.81
403,TANN2205 006.78,Spot,FALSE,402,45,45,0,0,5,FALSE,40,0,TRUE,1,70,8,25,TRUE,240,TRUE,FALSE,25,25,0,FALSE,FALSE,85113.09,64119.451,837.81
404,TANN2205 006.79,Spot,FALSE,403,45,45,0,0,5,FALSE,40,0,TRUE,1,70,8,25,TRUE,240,TRUE,FALSE,25,25,0,FALSE,FALSE,85166.364,64200.865,837.81
405,TANN2205 006.80,Spot,FALSE,404,45,45,0,0,5,FALSE,40,0,TRUE,1,70,8,25,TRUE,240,TRUE,FALSE,25,25,0,FALSE,FALSE,85266.939,64205.98,837.81
406,TANN2205 006.81,Spot,FALSE,405,45,45,0,0,5,FALSE,40,0,TRUE,1,70,8,25,TRUE,240,TRUE,FALSE,25,25,0,FALSE,FALSE,85285.097,64122.971,837.81
407,TANN2205 006.82,Spot,FALSE,406,45,45,0,0,5,FALSE,40,0,TRUE,1,70,8,25,TRUE,240,TRUE,FALSE,25,25,0,FALSE,FALSE,85356.676,64108.037,837.81
408,TANN2205 006.83,Spot,FALSE,407,45,45,0,0,5,FALSE,40,0,TRUE,1,70,8,25,TRUE,240,TRUE,FALSE,25,25,0,FALSE,FALSE,85573.715,64166.589,837.81
409,TANN2205 006.84,Spot,FALSE,408,45,45,0,0,5,FALSE,40,0,TRUE,1,70,8,25,TRUE,240,TRUE,FALSE,25,25,0,FALSE,FALSE,85643.715,64176.49,837.81
410,TANN2205 006.85,Spot,FALSE,409,45,45,0,0,5,FALSE,40,0,TRUE,1,70,8,25,TRUE,240,TRUE,FALSE,25,25,0,FALSE,FALSE,85750.805,64193.514,845.94
411,TANN2205 006.86,Spot,FALSE,410,45,45,0,0,5,FALSE,40,0,TRUE,1,70,8,25,TRUE,240,TRUE,FALSE,25,25,0,FALSE,FALSE,85655.18,64000.389,845.94
412,TANN2205 006.87,Spot,FALSE,411,45,45,0,0,5,FALSE,40,0,TRUE,1,70,8,25,TRUE,240,TRUE,FALSE,25,25,0,FALSE,FALSE,85862.795,63976.047,845.94
413,TANN2205 006.88,Spot,FALSE,412,45,45,0,0,5,FALSE,40,0,TRUE,1,70,8,25,TRUE,240,TRUE,FALSE,25,25,0,FALSE,FALSE,85915.328,64030.635,845.94
414,TANN2205 006.89,Spot,FALSE,413,45,45,0,0,5,FALSE,40,0,TRUE,1,70,8,25,TRUE,240,TRUE,FALSE,25,25,0,FALSE,FALSE,85932.137,64107.428,845.94
415,TANN2205 006.90,Spot,FALSE,414,45,45,0,0,5,FALSE,40,0,TRUE,1,70,8,25,TRUE,240,TRUE,FALSE,25,25,0,FALSE,FALSE,85909.439,64200.141,845.94
416,TANN2205 006.91,Spot,FALSE,415,45,45,0,0,5,FALSE,40,0,TRUE,1,70,8,25,TRUE,240,TRUE,FALSE,25,25,0,FALSE,FALSE,86101.232,64203.678,868.75
417,TANN2205 006.92,Spot,FALSE,416,45,45,0,0,5,FALSE,40,0,TRUE,1,70,8,25,TRUE,240,TRUE,FALSE,25,25,0,FALSE,FALSE,86172.663,64123.464,868.75
418,TANN2205 006.93,Spot,FALSE,417,45,45,0,0,5,FALSE,40,0,TRUE,1,70,8,25,TRUE,240,TRUE,FALSE,25,25,0,FALSE,FALSE,86215.684,64087.548,868.75
419,TANN2205 006.94,Spot,FALSE,418,45,45,0,0,5,FALSE,40,0,TRUE,1,70,8,25,TRUE,240,TRUE,FALSE,25,25,0,FALSE,FALSE,86249.817,64033.349,868.75
420,TANN2205 006.95,Spot,FALSE,419,45,45,0,0,5,FALSE,40,0,TRUE,1,70,8,25,TRUE,240,TRUE,FALSE,25,25,0,FALSE,FALSE,86434.867,63978.053,868.75
421,TANN2205 006.96,Spot,FALSE,420,45,45,0,0,5,FALSE,40,0,TRUE,1,70,8,25,TRUE,240,TRUE,FALSE,25,25,0,FALSE,FALSE,86678.305,64122.247,846.56
422,TANN2205 006.97,Spot,FALSE,421,45,45,0,0,5,FALSE,40,0,TRUE,1,70,8,25,TRUE,240,TRUE,FALSE,25,25,0,FALSE,FALSE,86741.848,64097.777,846.56
423,TANN2205 006.98,Spot,FALSE,422,45,45,0,0,5,FALSE,40,0,TRUE,1,70,8,25,TRUE,240,TRUE,FALSE,25,25,0,FALSE,FALSE,86745.344,63960.306,846.56
424,TANN2205 006.99,Spot,FALSE,423,45,45,0,0,5,FALSE,40,0,TRUE,1,70,8,25,TRUE,240,TRUE,FALSE,25,25,0,FALSE,FALSE,86910.162,63969.862,846.56
425,TANN2205 006.100,Spot,FALSE,424,45,45,0,0,5,FALSE,40,0,TRUE,1,70,8,25,TRUE,240,TRUE,FALSE,25,25,0,FALSE,FALSE,86814.621,63786.803,846.56
426,TANN2205 006.101,Spot,FALSE,425,45,45,0,0,5,FALSE,40,0,TRUE,1,70,8,25,TRUE,240,TRUE,FALSE,25,25,0,FALSE,FALSE,86605.278,63704.139,846.56
427,TANN2205 006.102,Spot,FALSE,426,45,45,0,0,5,FALSE,40,0,TRUE,1,70,8,25,TRUE,240,TRUE,FALSE,25,25,0,FALSE,FALSE,86884.933,63694.764,846.56
428,TANN2205 006.103,Spot,FALSE,427,45,45,0,0,5,FALSE,40,0,TRUE,1,70,8,25,TRUE,240,TRUE,FALSE,25,25,0,FALSE,FALSE,87030.344,63715.619,846.56
429,TANN2205 006.104,Spot,FALSE,428,45,45,0,0,5,FALSE,40,0,TRUE,1,70,8,25,TRUE,240,TRUE,FALSE,25,25,0,FALSE,FALSE,87069.85,63695.865,846.56
430,TANN2205 006.105,Spot,FALSE,429,45,45,0,0,5,FALSE,40,0,TRUE,1,70,8,25,TRUE,240,TRUE,FALSE,25,25,0,FALSE,FALSE,87180.442,63689.846,846.56
431,TANN2205 006.106,Spot,FALSE,430,45,45,0,0,5,FALSE,40,0,TRUE,1,70,8,25,TRUE,240,TRUE,FALSE,25,25,0,FALSE,FALSE,87196.578,63776.787,846.56
432,TANN2205 006.107,Spot,FALSE,431,45,45,0,0,5,FALSE,40,0,TRUE,1,70,8,25,TRUE,240,TRUE,FALSE,25,25,0,FALSE,FALSE,87291.001,63737.264,846.56
433,TANN2205 006.108,Spot,FALSE,432,45,45,0,0,5,FALSE,40,0,TRUE,1,70,8,25,TRUE,240,TRUE,FALSE,25,25,0,FALSE,FALSE,87362.284,63718.465,846.56
434,TANN2205 006.109,Spot,FALSE,433,45,45,0,0,5,FALSE,40,0,TRUE,1,70,8,25,TRUE,240,TRUE,FALSE,25,25,0,FALSE,FALSE,87493.88,63739.912,846.56
435,TANN2205 006.110,Spot,FALSE,434,45,45,0,0,5,FALSE,40,0,TRUE,1,70,8,25,TRUE,240,TRUE,FALSE,25,25,0,FALSE,FALSE,87583.798,63664.073,846.56
436,TANN2205 006.111,Spot,FALSE,435,45,45,0,0,5,FALSE,40,0,TRUE,1,70,8,25,TRUE,240,TRUE,FALSE,25,25,0,FALSE,FALSE,87694.489,63678.514,846.56
437,TANN2205 006.112,Spot,FALSE,436,45,45,0,0,5,FALSE,40,0,TRUE,1,70,8,25,TRUE,240,TRUE,FALSE,25,25,0,FALSE,FALSE,88040.574,63729.599,846.56
438,TANN2205 006.113,Spot,FALSE,437,45,45,0,0,5,FALSE,40,0,TRUE,1,70,8,25,TRUE,240,TRUE,FALSE,25,25,0,FALSE,FALSE,88233.387,63768.283,846.56
439,TANN2205 006.114,Spot,FALSE,438,45,45,0,0,5,FALSE,40,0,TRUE,1,70,8,25,TRUE,240,TRUE,FALSE,25,25,0,FALSE,FALSE,88213.617,63883.579,846.56
440,TANN2205 006.115,Spot,FALSE,439,45,45,0,0,5,FALSE,40,0,TRUE,1,70,8,25,TRUE,240,TRUE,FALSE,25,25,0,FALSE,FALSE,88192.304,63950.676,846.56
441,TANN2205 006.116,Spot,FALSE,440,45,45,0,0,5,FALSE,40,0,TRUE,1,70,8,25,TRUE,240,TRUE,FALSE,25,25,0,FALSE,FALSE,88153.93,64122.806,846.56
442,TANN2205 006.117,Spot,FALSE,441,45,45,0,0,5,FALSE,40,0,TRUE,1,70,8,25,TRUE,240,TRUE,FALSE,25,25,0,FALSE,FALSE,88208.748,64121.935,846.56
443,TANN2205 006.118,Spot,FALSE,442,45,45,0,0,5,FALSE,40,0,TRUE,1,70,8,25,TRUE,240,TRUE,FALSE,25,25,0,FALSE,FALSE,88427.367,64083.76,846.56
444,TANN2205 006.119,Spot,FALSE,443,45,45,0,0,5,FALSE,40,0,TRUE,1,70,8,25,TRUE,240,TRUE,FALSE,25,25,0,FALSE,FALSE,88616.035,63891.244,846.56
445,TANN2205 006.120,Spot,FALSE,444,45,45,0,0,5,FALSE,40,0,TRUE,1,70,8,25,TRUE,240,TRUE,FALSE,25,25,0,FALSE,FALSE,88730.887,63972.198,846.56
446,TANN2205 006.121,Spot,FALSE,445,45,45,0,0,5,FALSE,40,0,TRUE,1,70,8,25,TRUE,240,TRUE,FALSE,25,25,0,FALSE,FALSE,88824.933,63989.912,846.56
447,TANN2205 006.122,Spot,FALSE,446,45,45,0,0,5,FALSE,40,0,TRUE,1,70,8,25,TRUE,240,TRUE,FALSE,25,25,0,FALSE,FALSE,88976.972,63825.686,846.56
448,TANN2205 006.123,Spot,FALSE,447,45,45,0,0,5,FALSE,40,0,TRUE,1,70,8,25,TRUE,240,TRUE,FALSE,25,25,0,FALSE,FALSE,88997.367,63721.326,846.56
449,TANN2205 006.124,Spot,FALSE,448,45,45,0,0,5,FALSE,40,0,TRUE,1,70,8,25,TRUE,240,TRUE,FALSE,25,25,0,FALSE,FALSE,88994.489,63609.615,846.56
450,TANN2205 006.125,Spot,FALSE,449,45,45,0,0,5,FALSE,40,0,TRUE,1,70,8,25,TRUE,240,TRUE,FALSE,25,25,0,FALSE,FALSE,89055.13,63607.181,846.56
451,TANN2205 006.126,Spot,FALSE,450,45,45,0,0,5,FALSE,40,0,TRUE,1,70,8,25,TRUE,240,TRUE,FALSE,25,25,0,FALSE,FALSE,89182.383,63858.135,846.56
452,TANN2205 006.127,Spot,FALSE,451,45,45,0,0,5,FALSE,40,0,TRUE,1,70,8,25,TRUE,240,TRUE,FALSE,25,25,0,FALSE,FALSE,89226.232,63885.421,846.56
453,TANN2205 006.128,Spot,FALSE,452,45,45,0,0,5,FALSE,40,0,TRUE,1,70,8,25,TRUE,240,TRUE,FALSE,25,25,0,FALSE,FALSE,89224.406,63959.237,846.56
454,TANN2205 006.129,Spot,FALSE,453,45,45,0,0,5,FALSE,40,0,TRUE,1,70,8,25,TRUE,240,TRUE,FALSE,25,25,0,FALSE,FALSE,89487.071,63939.764,846.56
455,TANN2205 006.130,Spot,FALSE,454,45,45,0,0,5,FALSE,40,0,TRUE,1,70,8,25,TRUE,240,TRUE,FALSE,25,25,0,FALSE,FALSE,89535.031,63927.658,846.56
456,TANN2205 006.131,Spot,FALSE,455,45,45,0,0,5,FALSE,40,0,TRUE,1,70,8,25,TRUE,240,TRUE,FALSE,25,25,0,FALSE,FALSE,89395.739,63603.76,846.56
457,TANN2205 006.132,Spot,FALSE,456,45,45,0,0,5,FALSE,40,0,TRUE,1,70,8,25,TRUE,240,TRUE,FALSE,25,25,0,FALSE,FALSE,89470.728,63604.155,846.56
458,TANN2205 006.133,Spot,FALSE,457,45,45,0,0,5,FALSE,40,0,TRUE,1,70,8,25,TRUE,240,TRUE,FALSE,25,25,0,FALSE,FALSE,89714.752,63821.096,846.56
459,TANN2205 006.134,Spot,FALSE,458,45,45,0,0,5,FALSE,40,0,TRUE,1,70,8,25,TRUE,240,TRUE,FALSE,25,25,0,FALSE,FALSE,89833.156,63783.53,846.56
460,TANN2205 006.135,Spot,FALSE,459,45,45,0,0,5,FALSE,40,0,TRUE,1,70,8,25,TRUE,240,TRUE,FALSE,25,25,0,FALSE,FALSE,89941.824,63698.76,846.56
461,TANN2205 006.136,Spot,FALSE,460,45,45,0,0,5,FALSE,40,0,TRUE,1,70,8,25,TRUE,240,TRUE,FALSE,25,25,0,FALSE,FALSE,89931.824,63575.24,846.56
462,TANN2205 006.137,Spot,FALSE,461,45,45,0,0,5,FALSE,40,0,TRUE,1,70,8,25,TRUE,240,TRUE,FALSE,25,25,0,FALSE,FALSE,89990.772,63561.508,815.94
463,TANN2205 006.138,Spot,FALSE,462,45,45,0,0,5,FALSE,40,0,TRUE,1,70,8,25,TRUE,240,TRUE,FALSE,25,25,0,FALSE,FALSE,90043.14,63677.905,815.94
464,TANN2205 006.139,Spot,FALSE,463,45,45,0,0,5,FALSE,40,0,TRUE,1,70,8,25,TRUE,240,TRUE,FALSE,25,25,0,FALSE,FALSE,90262.235,63758.514,815.94
465,TANN2205 006.140,Spot,FALSE,464,45,45,0,0,5,FALSE,40,0,TRUE,1,70,8,25,TRUE,240,TRUE,FALSE,25,25,0,FALSE,FALSE,90281.183,63649.912,815.94
466,TANN2205 006.141,Spot,FALSE,465,45,45,0,0,5,FALSE,40,0,TRUE,1,70,8,25,TRUE,240,TRUE,FALSE,25,25,0,FALSE,FALSE,90316.858,63599.879,815.94
467,TANN2205 006.142,Spot,FALSE,466,45,45,0,0,5,FALSE,40,0,TRUE,1,70,8,25,TRUE,240,TRUE,FALSE,25,25,0,FALSE,FALSE,90412.004,63656.423,815.94
468,TANN2205 006.143,Spot,FALSE,467,45,45,0,0,5,FALSE,40,0,TRUE,1,70,8,25,TRUE,240,TRUE,FALSE,25,25,0,FALSE,FALSE,90673.699,63470.783,815.94
469,TANN2205 006.144,Spot,FALSE,468,45,45,0,0,5,FALSE,40,0,TRUE,1,70,8,25,TRUE,240,TRUE,FALSE,25,25,0,FALSE,FALSE,90790.969,63577.28,815.94
470,TANN2205 006.145,Spot,FALSE,469,45,45,0,0,5,FALSE,40,0,TRUE,1,70,8,25,TRUE,240,TRUE,FALSE,25,25,0,FALSE,FALSE,90617.137,63636.326,815.94
471,TANN2205 006.146,Spot,FALSE,470,45,45,0,0,5,FALSE,40,0,TRUE,1,70,8,25,TRUE,240,TRUE,FALSE,25,25,0,FALSE,FALSE,90660.014,63673.464,815.94
472,TANN2205 006.147,Spot,FALSE,471,45,45,0,0,5,FALSE,40,0,TRUE,1,70,8,25,TRUE,240,TRUE,FALSE,25,25,0,FALSE,FALSE,87874.949,63990.635,815.94
473,TANN2205 006.148,Spot,FALSE,472,45,45,0,0,5,FALSE,40,0,TRUE,1,70,8,25,TRUE,240,TRUE,FALSE,25,25,0,FALSE,FALSE,87123.469,64059.221,815.94
474,TANN2205 006.149,Spot,FALSE,473,45,45,0,0,5,FALSE,40,0,TRUE,1,70,8,25,TRUE,240,TRUE,FALSE,25,25,0,FALSE,FALSE,86744.094,63894.764,815.94
475,TANN2205 006.150,Spot,FALSE,474,45,45,0,0,5,FALSE,40,0,TRUE,1,70,8,25,TRUE,240,TRUE,FALSE,25,25,0,FALSE,FALSE,86697.992,63828.349,815.94
476,TANN2205 042.1,Spot,FALSE,475,45,45,0,0,5,FALSE,40,0,TRUE,1,70,8,25,TRUE,240,TRUE,FALSE,25,25,0,FALSE,FALSE,17231.561,87675.306,392.19
477,TANN2205 042.2,Spot,FALSE,476,45,45,0,0,5,FALSE,40,0,TRUE,1,70,8,25,TRUE,240,TRUE,FALSE,25,25,0,FALSE,FALSE,17213.617,87746.408,392.19
478,TANN2205 042.3,Spot,FALSE,477,45,45,0,0,5,FALSE,40,0,TRUE,1,70,8,25,TRUE,240,TRUE,FALSE,25,25,0,FALSE,FALSE,16837.137,87856.096,392.19
479,TANN2205 042.4,Spot,FALSE,478,45,45,0,0,5,FALSE,40,0,TRUE,1,70,8,25,TRUE,240,TRUE,FALSE,25,25,0,FALSE,FALSE,16839.587,87633.662,413.44
480,TANN2205 042.5,Spot,FALSE,479,45,45,0,0,5,FALSE,40,0,TRUE,1,70,8,25,TRUE,240,TRUE,FALSE,25,25,0,FALSE,FALSE,16777.203,87595.405,413.44
481,TANN2205 042.6,Spot,FALSE,480,45,45,0,0,5,FALSE,40,0,TRUE,1,70,8,25,TRUE,240,TRUE,FALSE,25,25,0,FALSE,FALSE,16750.755,87474.155,413.44
482,TANN2205 042.7,Spot,FALSE,481,45,45,0,0,5,FALSE,40,0,TRUE,1,70,8,25,TRUE,240,TRUE,FALSE,25,25,0,FALSE,FALSE,16552.367,87759.369,413.44
483,TANN2205 042.8,Spot,FALSE,482,45,45,0,0,5,FALSE,40,0,TRUE,1,70,8,25,TRUE,240,TRUE,FALSE,25,25,0,FALSE,FALSE,16502.992,87618.99,413.44
484,TANN2205 042.9,Spot,FALSE,483,45,45,0,0,5,FALSE,40,0,TRUE,1,70,8,25,TRUE,240,TRUE,FALSE,25,25,0,FALSE,FALSE,16454.801,87512.494,413.44
485,TANN2205 042.10,Spot,FALSE,484,45,45,0,0,5,FALSE,40,0,TRUE,1,70,8,25,TRUE,240,TRUE,FALSE,25,25,0,FALSE,FALSE,16487.531,87883.826,413.44
486,TANN2205 042.11,Spot,FALSE,485,45,45,0,0,5,FALSE,40,0,TRUE,1,70,8,25,TRUE,240,TRUE,FALSE,25,25,0,FALSE,FALSE,16610.574,87896.951,413.44
487,TANN2205 042.12,Spot,FALSE,486,45,45,0,0,5,FALSE,40,0,TRUE,1,70,8,25,TRUE,240,TRUE,FALSE,25,25,0,FALSE,FALSE,16136.906,88030.799,413.44
488,TANN2205 042.13,Spot,FALSE,487,45,45,0,0,5,FALSE,40,0,TRUE,1,70,8,25,TRUE,240,TRUE,FALSE,25,25,0,FALSE,FALSE,16177.926,87862.329,413.44
489,TANN2205 042.14,Spot,FALSE,488,45,45,0,0,5,FALSE,40,0,TRUE,1,70,8,25,TRUE,240,TRUE,FALSE,25,25,0,FALSE,FALSE,16157.828,87885.174,413.44
490,TANN2205 042.15,Spot,FALSE,489,45,45,0,0,5,FALSE,40,0,TRUE,1,70,8,25,TRUE,240,TRUE,FALSE,25,25,0,FALSE,FALSE,16088.633,87875.849,413.44
491,TANN2205 042.16,Spot,FALSE,490,45,45,0,0,5,FALSE,40,0,TRUE,1,70,8,25,TRUE,240,TRUE,FALSE,25,25,0,FALSE,FALSE,16050.772,87881.26,413.44
492,TANN2205 042.17,Spot,FALSE,491,45,45,0,0,5,FALSE,40,0,TRUE,1,70,8,25,TRUE,240,TRUE,FALSE,25,25,0,FALSE,FALSE,16186.989,87665.092,413.44
493,TANN2205 042.18,Spot,FALSE,492,45,45,0,0,5,FALSE,40,0,TRUE,1,70,8,25,TRUE,240,TRUE,FALSE,25,25,0,FALSE,FALSE,15926.84,87719.353,413.44
494,TANN2205 042.19,Spot,FALSE,493,45,45,0,0,5,FALSE,40,0,TRUE,1,70,8,25,TRUE,240,TRUE,FALSE,25,25,0,FALSE,FALSE,16000.492,87829.96,413.44
495,TANN2205 042.20,Spot,FALSE,494,45,45,0,0,5,FALSE,40,0,TRUE,1,70,8,25,TRUE,240,TRUE,FALSE,25,25,0,FALSE,FALSE,15653.239,88064.303,413.44
496,TANN2205 042.21,Spot,FALSE,495,45,45,0,0,5,FALSE,40,0,TRUE,1,70,8,25,TRUE,240,TRUE,FALSE,25,25,0,FALSE,FALSE,15628.93,87988.514,413.44
497,TANN2205 042.22,Spot,FALSE,496,45,45,0,0,5,FALSE,40,0,TRUE,1,70,8,25,TRUE,240,TRUE,FALSE,25,25,0,FALSE,FALSE,15437.285,87909.319,413.44
498,TANN2205 042.23,Spot,FALSE,497,45,45,0,0,5,FALSE,40,0,TRUE,1,70,8,25,TRUE,240,TRUE,FALSE,25,25,0,FALSE,FALSE,15339.719,87939.698,413.44
499,TANN2205 042.24,Spot,FALSE,498,45,45,0,0,5,FALSE,40,0,TRUE,1,70,8,25,TRUE,240,TRUE,FALSE,25,25,0,FALSE,FALSE,15258.864,88164.615,413.44
500,TANN2205 042.25,Spot,FALSE,499,45,45,0,0,5,FALSE,40,0,TRUE,1,70,8,25,TRUE,240,TRUE,FALSE,25,25,0,FALSE,FALSE,15323.963,87693.547,413.44
501,TANN2205 042.26,Spot,FALSE,500,45,45,0,0,5,FALSE,40,0,TRUE,1,70,8,25,TRUE,240,TRUE,FALSE,25,25,0,FALSE,FALSE,15524.785,87649.517,413.44
502,TANN2205 042.27,Spot,FALSE,501,45,45,0,0,5,FALSE,40,0,TRUE,1,70,8,25,TRUE,240,TRUE,FALSE,25,25,0,FALSE,FALSE,15475.476,87770.01,413.44
503,TANN2205 042.28,Spot,FALSE,502,45,45,0,0,5,FALSE,40,0,TRUE,1,70,8,25,TRUE,240,TRUE,FALSE,25,25,0,FALSE,FALSE,15100.542,87663.283,413.44
504,TANN2205 042.29,Spot,FALSE,503,45,45,0,0,5,FALSE,40,0,TRUE,1,70,8,25,TRUE,240,TRUE,FALSE,25,25,0,FALSE,FALSE,15008.781,87701.014,413.44
505,TANN2205 042.30,Spot,FALSE,504,45,45,0,0,5,FALSE,40,0,TRUE,1,70,8,25,TRUE,240,TRUE,FALSE,25,25,0,FALSE,FALSE,14928.715,87691.03,413.44
506,TANN2205 042.31,Spot,FALSE,505,45,45,0,0,5,FALSE,40,0,TRUE,1,70,8,25,TRUE,240,TRUE,FALSE,25,25,0,FALSE,FALSE,14930.015,87776.737,413.44
507,TANN2205 042.32,Spot,FALSE,506,45,45,0,0,5,FALSE,40,0,TRUE,1,70,8,25,TRUE,240,TRUE,FALSE,25,25,0,FALSE,FALSE,14859.671,87786.523,413.44
508,TANN2205 042.33,Spot,FALSE,507,45,45,0,0,5,FALSE,40,0,TRUE,1,70,8,25,TRUE,240,TRUE,FALSE,25,25,0,FALSE,FALSE,14651.215,88215.816,413.44
509,TANN2205 042.34,Spot,FALSE,508,45,45,0,0,5,FALSE,40,0,TRUE,1,70,8,25,TRUE,240,TRUE,FALSE,25,25,0,FALSE,FALSE,14595.229,88015.224,413.44
510,TANN2205 042.35,Spot,FALSE,509,45,45,0,0,5,FALSE,40,0,TRUE,1,70,8,25,TRUE,240,TRUE,FALSE,25,25,0,FALSE,FALSE,14250.69,87938.908,413.44
511,TANN2205 042.36,Spot,FALSE,510,45,45,0,0,5,FALSE,40,0,TRUE,1,70,8,25,TRUE,240,TRUE,FALSE,25,25,0,FALSE,FALSE,14401.528,88104.155,413.44
512,TANN2205 042.37,Spot,FALSE,511,45,45,0,0,5,FALSE,40,0,TRUE,1,70,8,25,TRUE,240,TRUE,FALSE,25,25,0,FALSE,FALSE,14324.719,88233.431,413.44
513,TANN2205 042.38,Spot,FALSE,512,45,45,0,0,5,FALSE,40,0,TRUE,1,70,8,25,TRUE,240,TRUE,FALSE,25,25,0,FALSE,FALSE,14134.242,88215.224,413.44
514,TANN2205 042.39,Spot,FALSE,513,45,45,0,0,5,FALSE,40,0,TRUE,1,70,8,25,TRUE,240,TRUE,FALSE,25,25,0,FALSE,FALSE,14193.469,88167.099,413.44
515,TANN2205 042.40,Spot,FALSE,514,45,45,0,0,5,FALSE,40,0,TRUE,1,70,8,25,TRUE,240,TRUE,FALSE,25,25,0,FALSE,FALSE,14064.867,88081.951,413.44
516,TANN2205 042.41,Spot,FALSE,515,45,45,0,0,5,FALSE,40,0,TRUE,1,70,8,25,TRUE,240,TRUE,FALSE,25,25,0,FALSE,FALSE,13976.199,88050.717,413.44
517,TANN2205 042.42,Spot,FALSE,516,45,45,0,0,5,FALSE,40,0,TRUE,1,70,8,25,TRUE,240,TRUE,FALSE,25,25,0,FALSE,FALSE,13968.847,88014.813,413.44
518,TANN2205 042.43,Spot,FALSE,517,45,45,0,0,5,FALSE,40,0,TRUE,1,70,8,25,TRUE,240,TRUE,FALSE,25,25,0,FALSE,FALSE,13794.012,88146.639,413.44
519,TANN2205 042.44,Spot,FALSE,518,45,45,0,0,5,FALSE,40,0,TRUE,1,70,8,25,TRUE,240,TRUE,FALSE,25,25,0,FALSE,FALSE,13667.204,88120.686,413.44
520,TANN2205 042.45,Spot,FALSE,519,45,45,0,0,5,FALSE,40,0,TRUE,1,70,8,25,TRUE,240,TRUE,FALSE,25,25,0,FALSE,FALSE,13878.699,88282.494,413.44
521,TANN2205 042.46,Spot,FALSE,520,45,45,0,0,5,FALSE,40,0,TRUE,1,70,8,25,TRUE,240,TRUE,FALSE,25,25,0,FALSE,FALSE,13827.367,88353.908,413.44
522,TANN2205 042.47,Spot,FALSE,521,45,45,0,0,5,FALSE,40,0,TRUE,1,70,8,25,TRUE,240,TRUE,FALSE,25,25,0,FALSE,FALSE,13692.844,88341.869,413.44
523,TANN2205 042.48,Spot,FALSE,522,45,45,0,0,5,FALSE,40,0,TRUE,1,70,8,25,TRUE,240,TRUE,FALSE,25,25,0,FALSE,FALSE,13636.117,88348.201,413.44
524,TANN2205 042.49,Spot,FALSE,523,45,45,0,0,5,FALSE,40,0,TRUE,1,70,8,25,TRUE,240,TRUE,FALSE,25,25,0,FALSE,FALSE,13491.265,88258.596,413.44
525,TANN2205 042.50,Spot,FALSE,524,45,45,0,0,5,FALSE,40,0,TRUE,1,70,8,25,TRUE,240,TRUE,FALSE,25,25,0,FALSE,FALSE,13433.7,88198.662,413.44
526,TANN2205 042.51,Spot,FALSE,525,45,45,0,0,5,FALSE,40,0,TRUE,1,70,8,25,TRUE,240,TRUE,FALSE,25,25,0,FALSE,FALSE,13361.84,88121.079,413.44
527,TANN2205 042.52,Spot,FALSE,526,45,45,0,0,5,FALSE,40,0,TRUE,1,70,8,25,TRUE,240,TRUE,FALSE,25,25,0,FALSE,FALSE,13348.306,88017.297,413.44
528,TANN2205 042.53,Spot,FALSE,527,45,45,0,0,5,FALSE,40,0,TRUE,1,70,8,25,TRUE,240,TRUE,FALSE,25,25,0,FALSE,FALSE,13200.805,88097.658,413.44
529,TANN2205 042.54,Spot,FALSE,528,45,45,0,0,5,FALSE,40,0,TRUE,1,70,8,25,TRUE,240,TRUE,FALSE,25,25,0,FALSE,FALSE,13108.601,88132.049,413.44
530,TANN2205 042.55,Spot,FALSE,529,45,45,0,0,5,FALSE,40,0,TRUE,1,70,8,25,TRUE,240,TRUE,FALSE,25,25,0,FALSE,FALSE,13090.445,88175.465,413.44
531,TANN2205 042.56,Spot,FALSE,530,45,45,0,0,5,FALSE,40,0,TRUE,1,70,8,25,TRUE,240,TRUE,FALSE,25,25,0,FALSE,FALSE,13013.699,88111.408,413.44
532,TANN2205 042.57,Spot,FALSE,531,45,45,0,0,5,FALSE,40,0,TRUE,1,70,8,25,TRUE,240,TRUE,FALSE,25,25,0,FALSE,FALSE,12940.344,88173.728,413.44
533,TANN2205 042.58,Spot,FALSE,532,45,45,0,0,5,FALSE,40,0,TRUE,1,70,8,25,TRUE,240,TRUE,FALSE,25,25,0,FALSE,FALSE,13159.028,88344.928,413.44
534,TANN2205 042.59,Spot,FALSE,533,45,45,0,0,5,FALSE,40,0,TRUE,1,70,8,25,TRUE,240,TRUE,FALSE,25,25,0,FALSE,FALSE,12987.614,88285.158,413.44
535,TANN2205 042.60,Spot,FALSE,534,45,45,0,0,5,FALSE,40,0,TRUE,1,70,8,25,TRUE,240,TRUE,FALSE,25,25,0,FALSE,FALSE,12958.881,88331.853,413.44
536,TANN2205 042.61,Spot,FALSE,535,45,45,0,0,5,FALSE,40,0,TRUE,1,70,8,25,TRUE,240,TRUE,FALSE,25,25,0,FALSE,FALSE,12892.63,88400.108,413.44
537,TANN2205 042.62,Spot,FALSE,536,45,45,0,0,5,FALSE,40,0,TRUE,1,70,8,25,TRUE,240,TRUE,FALSE,25,25,0,FALSE,FALSE,12843.222,88354.303,413.44
538,TANN2205 042.63,Spot,FALSE,537,45,45,0,0,5,FALSE,40,0,TRUE,1,70,8,25,TRUE,240,TRUE,FALSE,25,25,0,FALSE,FALSE,12753.255,88441.424,413.44
539,TANN2205 042.64,Spot,FALSE,538,45,45,0,0,5,FALSE,40,0,TRUE,1,70,8,25,TRUE,240,TRUE,FALSE,25,25,0,FALSE,FALSE,12677.367,88297.658,413.44
540,TANN2205 042.65,Spot,FALSE,539,45,45,0,0,5,FALSE,40,0,TRUE,1,70,8,25,TRUE,240,TRUE,FALSE,25,25,0,FALSE,FALSE,12785.954,88190.996,413.44
541,TANN2205 042.66,Spot,FALSE,540,45,45,0,0,5,FALSE,40,0,TRUE,1,70,8,25,TRUE,240,TRUE,FALSE,25,25,0,FALSE,FALSE,12745.689,88074.139,413.44
542,TANN2205 042.67,Spot,FALSE,541,45,45,0,0,5,FALSE,40,0,TRUE,1,70,8,25,TRUE,240,TRUE,FALSE,25,25,0,FALSE,FALSE,12724.242,87969.928,413.44
543,TANN2205 042.68,Spot,FALSE,542,45,45,0,0,5,FALSE,40,0,TRUE,1,70,8,25,TRUE,240,TRUE,FALSE,25,25,0,FALSE,FALSE,12219.555,88085.783,413.44
544,TANN2205 042.69,Spot,FALSE,543,45,45,0,0,5,FALSE,40,0,TRUE,1,70,8,25,TRUE,240,TRUE,FALSE,25,25,0,FALSE,FALSE,12080.426,88132.346,413.44
545,TANN2205 042.70,Spot,FALSE,544,45,45,0,0,5,FALSE,40,0,TRUE,1,70,8,25,TRUE,240,TRUE,FALSE,25,25,0,FALSE,FALSE,12076.199,88204.056,413.44
546,TANN2205 042.71,Spot,FALSE,545,45,45,0,0,5,FALSE,40,0,TRUE,1,70,8,25,TRUE,240,TRUE,FALSE,25,25,0,FALSE,FALSE,12107.235,88277.181,434.69
547,TANN2205 042.72,Spot,FALSE,546,45,45,0,0,5,FALSE,40,0,TRUE,1,70,8,25,TRUE,240,TRUE,FALSE,25,25,0,FALSE,FALSE,12175.887,88450.699,434.69
548,TANN2205 042.73,Spot,FALSE,547,45,45,0,0,5,FALSE,40,0,TRUE,1,70,8,25,TRUE,240,TRUE,FALSE,25,25,0,FALSE,FALSE,12201.906,88513.349,434.69
549,TANN2205 042.74,Spot,FALSE,548,45,45,0,0,5,FALSE,40,0,TRUE,1,70,8,25,TRUE,240,TRUE,FALSE,25,25,0,FALSE,FALSE,12117.416,88503.612,434.69
550,TANN2205 042.75,Spot,FALSE,549,45,45,0,0,5,FALSE,40,0,TRUE,1,70,8,25,TRUE,240,TRUE,FALSE,25,25,0,FALSE,FALSE,12048.09,88494.796,434.69
551,TANN2205 042.76,Spot,FALSE,550,45,45,0,0,5,FALSE,40,0,TRUE,1,70,8,25,TRUE,240,TRUE,FALSE,25,25,0,FALSE,FALSE,11831.512,88509.615,434.69
552,TANN2205 042.77,Spot,FALSE,551,45,45,0,0,5,FALSE,40,0,TRUE,1,70,8,25,TRUE,240,TRUE,FALSE,25,25,0,FALSE,FALSE,11788.783,88345.107,434.69
553,TANN2205 042.78,Spot,FALSE,552,45,45,0,0,5,FALSE,40,0,TRUE,1,70,8,25,TRUE,240,TRUE,FALSE,25,25,0,FALSE,FALSE,11802.696,88269.007,434.69
554,TANN2205 042.79,Spot,FALSE,553,45,45,0,0,5,FALSE,40,0,TRUE,1,70,8,25,TRUE,240,TRUE,FALSE,25,25,0,FALSE,FALSE,11736.133,88281.721,420
555,TANN2205 042.80,Spot,FALSE,554,45,45,0,0,5,FALSE,40,0,TRUE,1,70,8,25,TRUE,240,TRUE,FALSE,25,25,0,FALSE,FALSE,11904.192,88005.537,420
556,TANN2205 042.81,Spot,FALSE,555,45,45,0,0,5,FALSE,40,0,TRUE,1,70,8,25,TRUE,240,TRUE,FALSE,25,25,0,FALSE,FALSE,11819.44,88039.401,420
557,TANN2205 042.82,Spot,FALSE,556,45,45,0,0,5,FALSE,40,0,TRUE,1,70,8,25,TRUE,240,TRUE,FALSE,25,25,0,FALSE,FALSE,11904.571,88068.119,420
558,TANN2205 042.83,Spot,FALSE,557,45,45,0,0,5,FALSE,40,0,TRUE,1,70,8,25,TRUE,240,TRUE,FALSE,25,25,0,FALSE,FALSE,11960.278,88135.948,420
559,TANN2205 042.84,Spot,FALSE,558,45,45,0,0,5,FALSE,40,0,TRUE,1,70,8,25,TRUE,240,TRUE,FALSE,25,25,0,FALSE,FALSE,11619.884,88131.097,420
560,TANN2205 042.85,Spot,FALSE,559,45,45,0,0,5,FALSE,40,0,TRUE,1,70,8,25,TRUE,240,TRUE,FALSE,25,25,0,FALSE,FALSE,11579.883,88173.019,420
561,TANN2205 042.86,Spot,FALSE,560,45,45,0,0,5,FALSE,40,0,TRUE,1,70,8,25,TRUE,240,TRUE,FALSE,25,25,0,FALSE,FALSE,11493.042,88244.303,420
562,TANN2205 042.87,Spot,FALSE,561,45,45,0,0,5,FALSE,40,0,TRUE,1,70,8,25,TRUE,240,TRUE,FALSE,25,25,0,FALSE,FALSE,11537.531,88393.119,420
563,TANN2205 042.88,Spot,FALSE,562,45,45,0,0,5,FALSE,40,0,TRUE,1,70,8,25,TRUE,240,TRUE,FALSE,25,25,0,FALSE,FALSE,11233.896,88467.214,420
564,TANN2205 042.89,Spot,FALSE,563,45,45,0,0,5,FALSE,40,0,TRUE,1,70,8,25,TRUE,240,TRUE,FALSE,25,25,0,FALSE,FALSE,11284.11,88420.619,420
565,TANN2205 042.90,Spot,FALSE,564,45,45,0,0,5,FALSE,40,0,TRUE,1,70,8,25,TRUE,240,TRUE,FALSE,25,25,0,FALSE,FALSE,11334.949,88295.865,420
566,TANN2205 042.91,Spot,FALSE,565,45,45,0,0,5,FALSE,40,0,TRUE,1,70,8,25,TRUE,240,TRUE,FALSE,25,25,0,FALSE,FALSE,11377.137,88284.139,420
567,TANN2205 042.92,Spot,FALSE,566,45,45,0,0,5,FALSE,40,0,TRUE,1,70,8,25,TRUE,240,TRUE,FALSE,25,25,0,FALSE,FALSE,11327.407,88244.276,420
568,TANN2205 042.93,Spot,FALSE,567,45,45,0,0,5,FALSE,40,0,TRUE,1,70,8,25,TRUE,240,TRUE,FALSE,25,25,0,FALSE,FALSE,11344.173,88149.04,420
569,TANN2205 042.94,Spot,FALSE,568,45,45,0,0,5,FALSE,40,0,TRUE,1,70,8,25,TRUE,240,TRUE,FALSE,25,25,0,FALSE,FALSE,11234.883,88171.885,420
570,TANN2205 042.95,Spot,FALSE,569,45,45,0,0,5,FALSE,40,0,TRUE,1,70,8,25,TRUE,240,TRUE,FALSE,25,25,0,FALSE,FALSE,11143.551,88118.037,420
571,TANN2205 042.96,Spot,FALSE,570,45,45,0,0,5,FALSE,40,0,TRUE,1,70,8,25,TRUE,240,TRUE,FALSE,25,25,0,FALSE,FALSE,11066.101,88204.78,420
572,TANN2205 042.97,Spot,FALSE,571,45,45,0,0,5,FALSE,40,0,TRUE,1,70,8,25,TRUE,240,TRUE,FALSE,25,25,0,FALSE,FALSE,10922.844,88141.014,420
573,TANN2205 042.98,Spot,FALSE,572,45,45,0,0,5,FALSE,40,0,TRUE,1,70,8,25,TRUE,240,TRUE,FALSE,25,25,0,FALSE,FALSE,10809.39,88234.698,420
574,TANN2205 042.99,Spot,FALSE,573,45,45,0,0,5,FALSE,40,0,TRUE,1,70,8,25,TRUE,240,TRUE,FALSE,25,25,0,FALSE,FALSE,10730.18,88159.401,420
575,TANN2205 042.100,Spot,FALSE,574,45,45,0,0,5,FALSE,40,0,TRUE,1,70,8,25,TRUE,240,TRUE,FALSE,25,25,0,FALSE,FALSE,10873.354,88520.997,420
576,TANN2205 042.101,Spot,FALSE,575,45,45,0,0,5,FALSE,40,0,TRUE,1,70,8,25,TRUE,240,TRUE,FALSE,25,25,0,FALSE,FALSE,10812.63,88527.198,420
577,TANN2205 042.102,Spot,FALSE,576,45,45,0,0,5,FALSE,40,0,TRUE,1,70,8,25,TRUE,240,TRUE,FALSE,25,25,0,FALSE,FALSE,10730.064,88630.207,420
578,TANN2205 042.103,Spot,FALSE,577,45,45,0,0,5,FALSE,40,0,TRUE,1,70,8,25,TRUE,240,TRUE,FALSE,25,25,0,FALSE,FALSE,10552.367,88477.889,420
579,TANN2205 042.104,Spot,FALSE,578,45,45,0,0,5,FALSE,40,0,TRUE,1,70,8,25,TRUE,240,TRUE,FALSE,25,25,0,FALSE,FALSE,10475.887,88382.806,420
580,TANN2205 042.105,Spot,FALSE,579,45,45,0,0,5,FALSE,40,0,TRUE,1,70,8,25,TRUE,240,TRUE,FALSE,25,25,0,FALSE,FALSE,10453.633,88274.714,420
581,TANN2205 042.106,Spot,FALSE,580,45,45,0,0,5,FALSE,40,0,TRUE,1,70,8,25,TRUE,240,TRUE,FALSE,25,25,0,FALSE,FALSE,10516.775,88261.721,420
582,TANN2205 042.107,Spot,FALSE,581,45,45,0,0,5,FALSE,40,0,TRUE,1,70,8,25,TRUE,240,TRUE,FALSE,25,25,0,FALSE,FALSE,10386.331,88216.967,420
583,TANN2205 042.108,Spot,FALSE,582,45,45,0,0,5,FALSE,40,0,TRUE,1,70,8,25,TRUE,240,TRUE,FALSE,25,25,0,FALSE,FALSE,10373.387,88149.451,420
584,TANN2205 042.109,Spot,FALSE,583,45,45,0,0,5,FALSE,40,0,TRUE,1,70,8,25,TRUE,240,TRUE,FALSE,25,25,0,FALSE,FALSE,10268.913,88168.119,420
585,TANN2205 042.110,Spot,FALSE,584,45,45,0,0,5,FALSE,40,0,TRUE,1,70,8,25,TRUE,240,TRUE,FALSE,25,25,0,FALSE,FALSE,10298.321,88330.471,420
586,TANN2205 042.111,Spot,FALSE,585,45,45,0,0,5,FALSE,40,0,TRUE,1,70,8,25,TRUE,240,TRUE,FALSE,25,25,0,FALSE,FALSE,10235.887,88415.733,420
587,TANN2205 042.112,Spot,FALSE,586,45,45,0,0,5,FALSE,40,0,TRUE,1,70,8,25,TRUE,240,TRUE,FALSE,25,25,0,FALSE,FALSE,10280.739,88421.639,420
588,TANN2205 042.113,Spot,FALSE,587,45,45,0,0,5,FALSE,40,0,TRUE,1,70,8,25,TRUE,240,TRUE,FALSE,25,25,0,FALSE,FALSE,10241.117,88555.783,420
589,TANN2205 042.114,Spot,FALSE,588,45,45,0,0,5,FALSE,40,0,TRUE,1,70,8,25,TRUE,240,TRUE,FALSE,25,25,0,FALSE,FALSE,10104.949,88638.464,420
590,TANN2205 042.115,Spot,FALSE,589,45,45,0,0,5,FALSE,40,0,TRUE,1,70,8,25,TRUE,240,TRUE,FALSE,25,25,0,FALSE,FALSE,10026.364,88638.744,420
591,TANN2205 042.116,Spot,FALSE,590,45,45,0,0,5,FALSE,40,0,TRUE,1,70,8,25,TRUE,240,TRUE,FALSE,25,25,0,FALSE,FALSE,10003.535,88590.076,420
592,TANN2205 042.117,Spot,FALSE,591,45,45,0,0,5,FALSE,40,0,TRUE,1,70,8,25,TRUE,240,TRUE,FALSE,25,25,0,FALSE,FALSE,10047.614,88550.619,420
593,TANN2205 042.118,Spot,FALSE,592,45,45,0,0,5,FALSE,40,0,TRUE,1,70,8,25,TRUE,240,TRUE,FALSE,25,25,0,FALSE,FALSE,10058.715,88451.31,420
594,TANN2205 042.119,Spot,FALSE,593,45,45,0,0,5,FALSE,40,0,TRUE,1,70,8,25,TRUE,240,TRUE,FALSE,25,25,0,FALSE,FALSE,9899.044,88557.724,420
595,TANN2205 042.120,Spot,FALSE,594,45,45,0,0,5,FALSE,40,0,TRUE,1,70,8,25,TRUE,240,TRUE,FALSE,25,25,0,FALSE,FALSE,9867.926,88412.329,407.5
596,TANN2205 042.121,Spot,FALSE,595,45,45,0,0,5,FALSE,40,0,TRUE,1,70,8,25,TRUE,240,TRUE,FALSE,25,25,0,FALSE,FALSE,9833.453,88367.971,407.5
597,TANN2205 042.122,Spot,FALSE,596,45,45,0,0,5,FALSE,40,0,TRUE,1,70,8,25,TRUE,240,TRUE,FALSE,25,25,0,FALSE,FALSE,9714.176,88358.448,407.5
598,TANN2205 042.123,Spot,FALSE,597,45,45,0,0,5,FALSE,40,0,TRUE,1,70,8,25,TRUE,240,TRUE,FALSE,25,25,0,FALSE,FALSE,9663.847,88393.069,407.5
599,TANN2205 042.124,Spot,FALSE,598,45,45,0,0,5,FALSE,40,0,TRUE,1,70,8,25,TRUE,240,TRUE,FALSE,25,25,0,FALSE,FALSE,9493.403,88309.994,407.5
600,TANN2205 042.125,Spot,FALSE,599,45,45,0,0,5,FALSE,40,0,TRUE,1,70,8,25,TRUE,240,TRUE,FALSE,25,25,0,FALSE,FALSE,9318.601,88323.759,407.5
601,TANN2205 042.126,Spot,FALSE,600,45,45,0,0,5,FALSE,40,0,TRUE,1,70,8,25,TRUE,240,TRUE,FALSE,25,25,0,FALSE,FALSE,9339.571,88387.674,407.5
602,TANN2205 042.127,Spot,FALSE,601,45,45,0,0,5,FALSE,40,0,TRUE,1,70,8,25,TRUE,240,TRUE,FALSE,25,25,0,FALSE,FALSE,9344.949,88641.326,407.5
603,TANN2205 042.128,Spot,FALSE,602,45,45,0,0,5,FALSE,40,0,TRUE,1,70,8,25,TRUE,240,TRUE,FALSE,25,25,0,FALSE,FALSE,9193.93,88310.076,407.5
604,TANN2205 042.129,Spot,FALSE,603,45,45,0,0,5,FALSE,40,0,TRUE,1,70,8,25,TRUE,240,TRUE,FALSE,25,25,0,FALSE,FALSE,9149.324,88253.365,407.5
605,TANN2205 042.130,Spot,FALSE,604,45,45,0,0,5,FALSE,40,0,TRUE,1,70,8,25,TRUE,240,TRUE,FALSE,25,25,0,FALSE,FALSE,9090.59,88286.49,407.5
606,TANN2205 042.131,Spot,FALSE,605,45,45,0,0,5,FALSE,40,0,TRUE,1,70,8,25,TRUE,240,TRUE,FALSE,25,25,0,FALSE,FALSE,9077.844,88324.139,407.5
607,TANN2205 042.132,Spot,FALSE,606,45,45,0,0,5,FALSE,40,0,TRUE,1,70,8,25,TRUE,240,TRUE,FALSE,25,25,0,FALSE,FALSE,8878.535,88365.471,407.5
608,TANN2205 042.133,Spot,FALSE,607,45,45,0,0,5,FALSE,40,0,TRUE,1,70,8,25,TRUE,240,TRUE,FALSE,25,25,0,FALSE,FALSE,8792.68,88307.428,407.5
609,TANN2205 042.134,Spot,FALSE,608,45,45,0,0,5,FALSE,40,0,TRUE,1,70,8,25,TRUE,240,TRUE,FALSE,25,25,0,FALSE,FALSE,8657.219,88420.01,407.5
610,TANN2205 042.135,Spot,FALSE,609,45,45,0,0,5,FALSE,40,0,TRUE,1,70,8,25,TRUE,240,TRUE,FALSE,25,25,0,FALSE,FALSE,8909.637,88614.533,407.5
611,TANN2205 042.136,Spot,FALSE,610,45,45,0,0,5,FALSE,40,0,TRUE,1,70,8,25,TRUE,240,TRUE,FALSE,25,25,0,FALSE,FALSE,8859.094,88533.826,407.5
612,TANN2205 042.137,Spot,FALSE,611,45,45,0,0,5,FALSE,40,0,TRUE,1,70,8,25,TRUE,240,TRUE,FALSE,25,25,0,FALSE,FALSE,8407.729,88504.928,407.5
613,TANN2205 042.138,Spot,FALSE,612,45,45,0,0,5,FALSE,40,0,TRUE,1,70,8,25,TRUE,240,TRUE,FALSE,25,25,0,FALSE,FALSE,8414.555,88386.54,407.5
614,TANN2205 042.139,Spot,FALSE,613,45,45,0,0,5,FALSE,40,0,TRUE,1,70,8,25,TRUE,240,TRUE,FALSE,25,25,0,FALSE,FALSE,8352.137,88375.191,407.5
615,TANN2205 042.140,Spot,FALSE,614,45,45,0,0,5,FALSE,40,0,TRUE,1,70,8,25,TRUE,240,TRUE,FALSE,25,25,0,FALSE,FALSE,8188.404,88413.135,407.5
616,TANN2205 042.141,Spot,FALSE,615,45,45,0,0,5,FALSE,40,0,TRUE,1,70,8,25,TRUE,240,TRUE,FALSE,25,25,0,FALSE,FALSE,8016.183,88375.849,407.5
617,TANN2205 042.142,Spot,FALSE,616,45,45,0,0,5,FALSE,40,0,TRUE,1,70,8,25,TRUE,240,TRUE,FALSE,25,25,0,FALSE,FALSE,7915.936,88351.523,407.5
618,TANN2205 042.143,Spot,FALSE,617,45,45,0,0,5,FALSE,40,0,TRUE,1,70,8,25,TRUE,240,TRUE,FALSE,25,25,0,FALSE,FALSE,7919.901,88290.833,407.5
619,TANN2205 042.144,Spot,FALSE,618,45,45,0,0,5,FALSE,40,0,TRUE,1,70,8,25,TRUE,240,TRUE,FALSE,25,25,0,FALSE,FALSE,7880.656,88422.428,407.5
620,TANN2205 042.145,Spot,FALSE,619,45,45,0,0,5,FALSE,40,0,TRUE,1,70,8,25,TRUE,240,TRUE,FALSE,25,25,0,FALSE,FALSE,7998.699,88481.244,407.5
621,TANN2205 042.146,Spot,FALSE,620,45,45,0,0,5,FALSE,40,0,TRUE,1,70,8,25,TRUE,240,TRUE,FALSE,25,25,0,FALSE,FALSE,7473.535,88507.872,407.5
622,TANN2205 042.147,Spot,FALSE,621,45,45,0,0,5,FALSE,40,0,TRUE,1,70,8,25,TRUE,240,TRUE,FALSE,25,25,0,FALSE,FALSE,7504.32,88460.51,407.5
623,TANN2205 042.148,Spot,FALSE,622,45,45,0,0,5,FALSE,40,0,TRUE,1,70,8,25,TRUE,240,TRUE,FALSE,25,25,0,FALSE,FALSE,7779.34,88390.092,407.5
624,TANN2205 042.149,Spot,FALSE,623,45,45,0,0,5,FALSE,40,0,TRUE,1,70,8,25,TRUE,240,TRUE,FALSE,25,25,0,FALSE,FALSE,8207.531,88580.849,407.5
625,TANN2205 042.150,Spot,FALSE,624,45,45,0,0,5,FALSE,40,0,TRUE,1,70,8,25,TRUE,240,TRUE,FALSE,25,25,0,FALSE,FALSE,8378.453,88648.892,407.5
